demand_total_active_power_dev,demand_total_active_power_prod,device_dev,device_prod,energy_dev,energy_prod,i1_dev,i1_prod,i2_dev,i2_prod,i3_dev,i3_prod,maximum_demand_total_active_power_dev,maximum_demand_total_active_power_prod,time_dev,time_prod,total_active_power_dev,total_active_power_prod,total_apparent_power_dev,total_apparent_power_prod,total_power_factor_dev,total_power_factor_prod,u12_dev,u12_prod,u13_dev,u13_prod,u23_dev,u23_prod,v1_dev,v1_prod,v2_dev,v2_prod,v3_dev,v3_prod
10.16666316986084,10.166663,Uticnice,Uticnice,111473,111.473,0.2899999916553497,0.29,,,,,891.2498779296875,891.249878,2024-02-12 16:00:00.001248,2024-02-12 16:00:01,10.0,10.0,69.0,69.0,0.1500000059604644,0.15,,,,,,,231.3000030517578,231.399994,,,,
10.16666316986084,10.166663,Uticnice,Uticnice,111473,111.473,0.2899999916553497,0.29,,,,,891.2498779296875,891.249878,2024-02-12 16:00:02.001569,2024-02-12 16:00:03,10.0,10.0,69.0,69.0,0.1500000059604644,0.15,,,,,,,231.3999938964844,231.399994,,,,
10.16666316986084,10.166663,Uticnice,Uticnice,111473,111.473,0.2899999916553497,0.29,,,,,891.2498779296875,891.249878,2024-02-12 16:00:04.000326,2024-02-12 16:00:05,10.0,10.0,69.0,69.0,0.1500000059604644,0.15,,,,,,,231.3999938964844,231.399994,,,,
10.16666316986084,10.166663,Uticnice,Uticnice,111473,111.473,0.2899999916553497,0.3,,,,,891.2498779296875,891.249878,2024-02-12 16:00:06.001488,2024-02-12 16:00:07,10.0,10.0,69.0,69.0,0.1500000059604644,0.15,,,,,,,231.3999938964844,231.100006,,,,
10.16666316986084,10.166663,Uticnice,Uticnice,111473,111.473,0.3000000119209289,0.3,,,,,891.2498779296875,891.249878,2024-02-12 16:00:08.000475,2024-02-12 16:00:09,10.0,10.0,69.0,69.0,0.1500000059604644,0.15,,,,,,,231.1000061035156,231.100006,,,,
10.16666316986084,10.166663,Uticnice,Uticnice,111473,111.473,0.3000000119209289,0.29,,,,,891.2498779296875,891.249878,2024-02-12 16:00:10.001661,2024-02-12 16:00:11,10.0,10.0,69.0,75.0,0.1500000059604644,0.15,,,,,,,231.1000061035156,231.0,,,,
10.16666316986084,10.166663,Uticnice,Uticnice,111473,111.473,0.2899999916553497,0.29,,,,,891.2498779296875,891.249878,2024-02-12 16:00:12.000238,2024-02-12 16:00:13,10.0,10.0,75.0,75.0,0.1500000059604644,0.15,,,,,,,231.0,231.0,,,,
10.16666316986084,10.166663,Uticnice,Uticnice,111473,111.473,0.2899999916553497,0.29,,,,,891.2498779296875,891.249878,2024-02-12 16:00:14.000292,2024-02-12 16:00:15,10.0,10.0,75.0,75.0,0.1500000059604644,0.15,,,,,,,231.0,231.0,,,,
10.16666316986084,10.166663,Uticnice,Uticnice,111473,111.473,0.2899999916553497,0.3,,,,,891.2498779296875,891.249878,2024-02-12 16:00:16.000238,2024-02-12 16:00:17,10.0,10.0,75.0,69.0,0.1500000059604644,0.15,,,,,,,231.0,230.800003,,,,
10.16666316986084,10.166663,Uticnice,Uticnice,111473,111.473,0.3000000119209289,0.3,,,,,891.2498779296875,891.249878,2024-02-12 16:00:18.000391,2024-02-12 16:00:19,10.0,10.0,69.0,69.0,0.1500000059604644,0.15,,,,,,,230.8000030517578,230.800003,,,,
10.16666316986084,10.166663,Uticnice,Uticnice,111473,111.473,0.3000000119209289,0.29,,,,,891.2498779296875,891.249878,2024-02-12 16:00:20.001035,2024-02-12 16:00:21,10.0,11.0,69.0,68.0,0.1500000059604644,0.15,,,,,,,230.8000030517578,230.899994,,,,
10.16666316986084,,Uticnice,,111473,,0.2899999916553497,,,,,,891.2498779296875,,2024-02-12 16:00:22.001294,,11.0,,68.0,,0.1500000059604644,,,,,,,,230.8999938964844,,,,,
10.183329582214355,10.18333,Uticnice,Uticnice,111473,111.473,0.2899999916553497,0.29,,,,,891.2498779296875,891.249878,2024-02-12 16:00:24.000920,2024-02-12 16:00:24,11.0,11.0,68.0,68.0,0.1500000059604644,0.15,,,,,,,230.8999938964844,230.899994,,,,
10.183329582214355,10.18333,Uticnice,Uticnice,111473,111.473,0.2899999916553497,0.29,,,,,891.2498779296875,891.249878,2024-02-12 16:00:26.001037,2024-02-12 16:00:26,11.0,10.0,68.0,66.0,0.1500000059604644,0.15,,,,,,,230.8999938964844,231.0,,,,
10.183329582214355,10.18333,Uticnice,Uticnice,111473,111.473,0.2899999916553497,0.29,,,,,891.2498779296875,891.249878,2024-02-12 16:00:28.000624,2024-02-12 16:00:28,10.0,10.0,66.0,66.0,0.1500000059604644,0.15,,,,,,,231.0,231.0,,,,
10.183329582214355,10.18333,Uticnice,Uticnice,111473,111.473,0.2899999916553497,0.29,,,,,891.2498779296875,891.249878,2024-02-12 16:00:30.001035,2024-02-12 16:00:30,10.0,10.0,66.0,66.0,0.1500000059604644,0.15,,,,,,,231.0,231.0,,,,
10.183329582214355,10.18333,Uticnice,Uticnice,111473,111.473,0.2899999916553497,0.29,,,,,891.2498779296875,891.249878,2024-02-12 16:00:32.001348,2024-02-12 16:00:32,10.0,10.0,67.0,67.0,0.1500000059604644,0.15,,,,,,,231.1000061035156,231.100006,,,,
10.183329582214355,10.18333,Uticnice,Uticnice,111473,111.473,0.2899999916553497,0.29,,,,,891.2498779296875,891.249878,2024-02-12 16:00:34.000822,2024-02-12 16:00:34,10.0,10.0,67.0,67.0,0.1500000059604644,0.15,,,,,,,231.1000061035156,231.100006,,,,
10.183329582214355,10.18333,Uticnice,Uticnice,111473,111.473,0.2899999916553497,0.29,,,,,891.2498779296875,891.249878,2024-02-12 16:00:36.002189,2024-02-12 16:00:36,10.0,10.0,67.0,68.0,0.1500000059604644,0.15,,,,,,,231.1000061035156,231.100006,,,,
10.183329582214355,10.18333,Uticnice,Uticnice,111473,111.473,0.2899999916553497,0.29,,,,,891.2498779296875,891.249878,2024-02-12 16:00:38.002048,2024-02-12 16:00:38,10.0,10.0,68.0,68.0,0.1500000059604644,0.15,,,,,,,231.1000061035156,231.100006,,,,
10.183329582214355,10.18333,Uticnice,Uticnice,111473,111.473,0.2899999916553497,0.29,,,,,891.2498779296875,891.249878,2024-02-12 16:00:40.000592,2024-02-12 16:00:40,10.0,10.0,68.0,68.0,0.1500000059604644,0.15,,,,,,,231.1000061035156,231.100006,,,,
10.183329582214355,10.18333,Uticnice,Uticnice,111473,111.473,0.3000000119209289,0.3,,,,,891.2498779296875,891.249878,2024-02-12 16:00:42.001818,2024-02-12 16:00:42,11.0,11.0,68.0,68.0,0.1500000059604644,0.15,,,,,,,231.1999969482422,231.199997,,,,
10.199996948242188,10.199997,Uticnice,Uticnice,111473,111.473,0.3000000119209289,0.3,,,,,891.2498779296875,891.249878,2024-02-12 16:00:44.000604,2024-02-12 16:00:44,11.0,11.0,68.0,68.0,0.1500000059604644,0.15,,,,,,,231.1999969482422,231.199997,,,,
10.199996948242188,10.199997,Uticnice,Uticnice,111473,111.473,0.3000000119209289,0.29,,,,,891.2498779296875,891.249878,2024-02-12 16:00:46.002319,2024-02-12 16:00:46,11.0,10.0,68.0,72.0,0.1500000059604644,0.16,,,,,,,231.1999969482422,231.300003,,,,
10.199996948242188,10.199997,Uticnice,Uticnice,111473,111.473,0.2899999916553497,0.29,,,,,891.2498779296875,891.249878,2024-02-12 16:00:48.000037,2024-02-12 16:00:48,10.0,10.0,72.0,72.0,0.1599999964237213,0.16,,,,,,,231.3000030517578,231.300003,,,,
10.199996948242188,10.199997,Uticnice,Uticnice,111473,111.473,0.2899999916553497,0.29,,,,,891.2498779296875,891.249878,2024-02-12 16:00:50.000928,2024-02-12 16:00:51,10.0,10.0,72.0,72.0,0.1599999964237213,0.16,,,,,,,231.3000030517578,231.199997,,,,
10.199996948242188,10.199997,Uticnice,Uticnice,111473,111.473,0.3000000119209289,0.3,,,,,891.2498779296875,891.249878,2024-02-12 16:00:52.000630,2024-02-12 16:00:53,11.0,11.0,70.0,70.0,0.1500000059604644,0.15,,,,,,,231.1999969482422,231.199997,,,,
10.216663360595703,10.216663,Uticnice,Uticnice,111473,111.473,0.3000000119209289,0.3,,,,,891.2498779296875,891.249878,2024-02-12 16:00:54.000458,2024-02-12 16:00:55,11.0,11.0,70.0,70.0,0.1500000059604644,0.15,,,,,,,231.1999969482422,231.199997,,,,
10.216663360595703,10.216663,Uticnice,Uticnice,111473,111.473,0.3000000119209289,0.31,,,,,891.2498779296875,891.249878,2024-02-12 16:00:56.000259,2024-02-12 16:00:57,11.0,10.0,70.0,69.0,0.1500000059604644,0.14,,,,,,,231.1999969482422,231.100006,,,,
10.216663360595703,10.216663,Uticnice,Uticnice,111473,111.473,0.3100000023841858,0.31,,,,,891.2498779296875,891.249878,2024-02-12 16:00:58.000420,2024-02-12 16:00:59,10.0,10.0,69.0,69.0,0.1400000005960464,0.14,,,,,,,231.1000061035156,231.100006,,,,
10.216663360595703,10.216663,Uticnice,Uticnice,111473,111.473,0.3100000023841858,0.29,,,,,891.2498779296875,891.249878,2024-02-12 16:01:00.000126,2024-02-12 16:01:01,10.0,10.0,69.0,67.0,0.1400000005960464,0.15,,,,,,,231.1000061035156,231.100006,,,,
10.216663360595703,10.216663,Uticnice,Uticnice,111473,111.473,0.2899999916553497,0.29,,,,,891.2498779296875,891.249878,2024-02-12 16:01:02.000537,2024-02-12 16:01:03,10.0,10.0,67.0,67.0,0.1500000059604644,0.15,,,,,,,231.1000061035156,231.100006,,,,
10.216663360595703,10.216663,Uticnice,Uticnice,111473,111.473,0.2899999916553497,0.29,,,,,891.2498779296875,891.249878,2024-02-12 16:01:04.002108,2024-02-12 16:01:05,10.0,10.0,67.0,67.0,0.1500000059604644,0.15,,,,,,,231.1000061035156,231.100006,,,,
10.216663360595703,10.216663,Uticnice,Uticnice,111473,111.473,0.2899999916553497,0.3,,,,,891.2498779296875,891.249878,2024-02-12 16:01:06.002082,2024-02-12 16:01:07,10.0,11.0,67.0,66.0,0.1500000059604644,0.15,,,,,,,231.1000061035156,231.100006,,,,
10.216663360595703,10.216663,Uticnice,Uticnice,111473,111.473,0.3000000119209289,0.3,,,,,891.2498779296875,891.249878,2024-02-12 16:01:08.002102,2024-02-12 16:01:09,11.0,11.0,66.0,66.0,0.1500000059604644,0.15,,,,,,,231.1000061035156,231.100006,,,,
10.216663360595703,10.216663,Uticnice,Uticnice,111473,111.473,0.3000000119209289,0.29,,,,,891.2498779296875,891.249878,2024-02-12 16:01:10.000470,2024-02-12 16:01:11,11.0,10.0,66.0,70.0,0.1500000059604644,0.16,,,,,,,231.1000061035156,231.199997,,,,
10.216663360595703,10.216663,Uticnice,Uticnice,111473,111.473,0.2899999916553497,0.29,,,,,891.2498779296875,891.249878,2024-02-12 16:01:12.000637,2024-02-12 16:01:13,10.0,10.0,70.0,70.0,0.1599999964237213,0.16,,,,,,,231.1999969482422,231.199997,,,,
10.216663360595703,10.216663,Uticnice,Uticnice,111473,111.473,0.2899999916553497,0.29,,,,,891.2498779296875,891.249878,2024-02-12 16:01:14.000982,2024-02-12 16:01:15,10.0,10.0,70.0,70.0,0.1599999964237213,0.16,,,,,,,231.1999969482422,231.199997,,,,
10.216663360595703,10.216663,Uticnice,Uticnice,111473,111.473,0.2899999916553497,0.29,,,,,891.2498779296875,891.249878,2024-02-12 16:01:16.000468,2024-02-12 16:01:17,10.0,10.0,70.0,71.0,0.1599999964237213,0.15,,,,,,,231.1999969482422,231.199997,,,,
10.216663360595703,10.216663,Uticnice,Uticnice,111473,111.473,0.2899999916553497,0.29,,,,,891.2498779296875,891.249878,2024-02-12 16:01:18.002090,2024-02-12 16:01:19,10.0,10.0,71.0,71.0,0.1500000059604644,0.15,,,,,,,231.1999969482422,231.199997,,,,
10.216663360595703,10.216663,Uticnice,Uticnice,111473,111.473,0.2899999916553497,0.29,,,,,891.2498779296875,891.249878,2024-02-12 16:01:20.001025,2024-02-12 16:01:21,10.0,11.0,71.0,69.0,0.1500000059604644,0.15,,,,,,,231.1999969482422,231.399994,,,,
10.216663360595703,10.216663,Uticnice,Uticnice,111473,111.473,0.2899999916553497,0.29,,,,,891.2498779296875,891.249878,2024-02-12 16:01:22.002026,2024-02-12 16:01:23,11.0,11.0,69.0,69.0,0.1500000059604644,0.15,,,,,,,231.3999938964844,231.399994,,,,
10.216663360595703,10.23333,Uticnice,Uticnice,111473,111.473,0.2899999916553497,0.29,,,,,891.2498779296875,891.249878,2024-02-12 16:01:24.000243,2024-02-12 16:01:25,11.0,11.0,69.0,69.0,0.1500000059604644,0.15,,,,,,,231.3999938964844,231.399994,,,,
10.23332977294922,10.23333,Uticnice,Uticnice,111473,111.473,0.2899999916553497,0.29,,,,,891.2498779296875,891.249878,2024-02-12 16:01:26.000317,2024-02-12 16:01:27,11.0,10.0,69.0,69.0,0.1500000059604644,0.16,,,,,,,231.3999938964844,231.300003,,,,
10.23332977294922,10.23333,Uticnice,Uticnice,111473,111.473,0.2899999916553497,0.29,,,,,891.2498779296875,891.249878,2024-02-12 16:01:28.000343,2024-02-12 16:01:29,10.0,10.0,69.0,69.0,0.1599999964237213,0.16,,,,,,,231.3000030517578,231.300003,,,,
10.23332977294922,10.23333,Uticnice,Uticnice,111473,111.473,0.2899999916553497,0.3,,,,,891.2498779296875,891.249878,2024-02-12 16:01:30.000438,2024-02-12 16:01:31,10.0,10.0,69.0,67.0,0.1599999964237213,0.15,,,,,,,231.3000030517578,231.399994,,,,
10.23332977294922,,Uticnice,,111473,,0.3000000119209289,,,,,,891.2498779296875,,2024-02-12 16:01:32.000635,,10.0,,67.0,,0.1500000059604644,,,,,,,,231.3999938964844,,,,,
10.23332977294922,10.23333,Uticnice,Uticnice,111473,111.473,0.3000000119209289,0.3,,,,,891.2498779296875,891.249878,2024-02-12 16:01:34.000513,2024-02-12 16:01:34,10.0,10.0,67.0,67.0,0.1500000059604644,0.15,,,,,,,231.3999938964844,231.399994,,,,
10.23332977294922,10.23333,Uticnice,Uticnice,111473,111.473,0.3000000119209289,0.29,,,,,891.2498779296875,891.249878,2024-02-12 16:01:36.001481,2024-02-12 16:01:36,10.0,10.0,67.0,67.0,0.1500000059604644,0.15,,,,,,,231.3999938964844,231.5,,,,
10.23332977294922,10.23333,Uticnice,Uticnice,111473,111.473,0.2899999916553497,0.29,,,,,891.2498779296875,891.249878,2024-02-12 16:01:38.002209,2024-02-12 16:01:38,10.0,10.0,67.0,67.0,0.1500000059604644,0.15,,,,,,,231.5,231.5,,,,
10.23332977294922,10.23333,Uticnice,Uticnice,111473,111.473,0.2899999916553497,0.29,,,,,891.2498779296875,891.249878,2024-02-12 16:01:40.000852,2024-02-12 16:01:40,10.0,10.0,67.0,67.0,0.1500000059604644,0.15,,,,,,,231.5,231.5,,,,
10.23332977294922,10.23333,Uticnice,Uticnice,111473,111.473,0.3000000119209289,0.3,,,,,891.2498779296875,891.249878,2024-02-12 16:01:42.000144,2024-02-12 16:01:42,10.0,10.0,69.0,69.0,0.1500000059604644,0.15,,,,,,,231.5,231.5,,,,
10.23332977294922,10.23333,Uticnice,Uticnice,111473,111.473,0.3000000119209289,0.3,,,,,891.2498779296875,891.249878,2024-02-12 16:01:44.000235,2024-02-12 16:01:44,10.0,10.0,69.0,69.0,0.1500000059604644,0.15,,,,,,,231.5,231.5,,,,
10.23332977294922,10.23333,Uticnice,Uticnice,111473,111.473,0.3000000119209289,0.3,,,,,891.2498779296875,891.249878,2024-02-12 16:01:46.000853,2024-02-12 16:01:46,10.0,10.0,69.0,67.0,0.1500000059604644,0.15,,,,,,,231.5,231.800003,,,,
10.23332977294922,10.23333,Uticnice,Uticnice,111473,111.473,0.3000000119209289,0.3,,,,,891.2498779296875,891.249878,2024-02-12 16:01:48.000800,2024-02-12 16:01:48,10.0,10.0,67.0,67.0,0.1500000059604644,0.15,,,,,,,231.8000030517578,231.800003,,,,
10.23332977294922,10.23333,Uticnice,Uticnice,111473,111.473,0.3000000119209289,0.3,,,,,891.2498779296875,891.249878,2024-02-12 16:01:50.002137,2024-02-12 16:01:50,10.0,10.0,67.0,67.0,0.1500000059604644,0.15,,,,,,,231.8000030517578,231.800003,,,,
10.23332977294922,10.23333,Uticnice,Uticnice,111473,111.473,0.2899999916553497,0.29,,,,,891.2498779296875,891.249878,2024-02-12 16:01:52.000647,2024-02-12 16:01:52,10.0,10.0,69.0,69.0,0.1500000059604644,0.15,,,,,,,231.6999969482422,231.699997,,,,
10.23332977294922,10.23333,Uticnice,Uticnice,111473,111.473,0.2899999916553497,0.29,,,,,891.2498779296875,891.249878,2024-02-12 16:01:54.000877,2024-02-12 16:01:54,10.0,10.0,69.0,69.0,0.1500000059604644,0.15,,,,,,,231.6999969482422,231.699997,,,,
10.23332977294922,10.23333,Uticnice,Uticnice,111473,111.473,0.2899999916553497,0.3,,,,,891.2498779296875,891.249878,2024-02-12 16:01:56.002016,2024-02-12 16:01:56,10.0,10.0,69.0,69.0,0.1500000059604644,0.15,,,,,,,231.6999969482422,231.600006,,,,
10.23332977294922,10.23333,Uticnice,Uticnice,111473,111.473,0.3000000119209289,0.3,,,,,891.2498779296875,891.249878,2024-02-12 16:01:58.000658,2024-02-12 16:01:59,10.0,10.0,69.0,69.0,0.1500000059604644,0.15,,,,,,,231.6000061035156,231.600006,,,,
10.23332977294922,10.23333,Uticnice,Uticnice,111473,111.473,0.3000000119209289,0.3,,,,,891.2498779296875,891.249878,2024-02-12 16:02:00.001595,2024-02-12 16:02:01,10.0,10.0,69.0,68.0,0.1500000059604644,0.15,,,,,,,231.6000061035156,231.600006,,,,
10.23332977294922,10.23333,Uticnice,Uticnice,111473,111.473,0.3000000119209289,0.3,,,,,891.2498779296875,891.249878,2024-02-12 16:02:02.000313,2024-02-12 16:02:03,10.0,10.0,68.0,68.0,0.1500000059604644,0.15,,,,,,,231.6000061035156,231.600006,,,,
10.23332977294922,10.23333,Uticnice,Uticnice,111473,111.473,0.3000000119209289,0.3,,,,,891.2498779296875,891.249878,2024-02-12 16:02:04.000149,2024-02-12 16:02:05,10.0,10.0,68.0,68.0,0.1500000059604644,0.15,,,,,,,231.6000061035156,231.600006,,,,
10.216663360595703,10.216663,Uticnice,Uticnice,111473,111.473,0.3000000119209289,0.29,,,,,891.2498779296875,891.249878,2024-02-12 16:02:06.001332,2024-02-12 16:02:07,10.0,10.0,68.0,67.0,0.1500000059604644,0.15,,,,,,,231.6000061035156,231.5,,,,
10.216663360595703,10.216663,Uticnice,Uticnice,111473,111.473,0.2899999916553497,0.29,,,,,891.2498779296875,891.249878,2024-02-12 16:02:08.000453,2024-02-12 16:02:09,10.0,10.0,67.0,67.0,0.1500000059604644,0.15,,,,,,,231.5,231.5,,,,
10.216663360595703,10.216663,Uticnice,Uticnice,111473,111.473,0.2899999916553497,0.29,,,,,891.2498779296875,891.249878,2024-02-12 16:02:10.000578,2024-02-12 16:02:11,10.0,10.0,67.0,68.0,0.1500000059604644,0.15,,,,,,,231.5,231.300003,,,,
10.216663360595703,10.216663,Uticnice,Uticnice,111473,111.473,0.2899999916553497,0.29,,,,,891.2498779296875,891.249878,2024-02-12 16:02:12.000077,2024-02-12 16:02:13,10.0,10.0,68.0,68.0,0.1500000059604644,0.15,,,,,,,231.3000030517578,231.300003,,,,
10.216663360595703,10.216663,Uticnice,Uticnice,111473,111.473,0.2899999916553497,0.29,,,,,891.2498779296875,891.249878,2024-02-12 16:02:14.000892,2024-02-12 16:02:15,10.0,10.0,68.0,68.0,0.1500000059604644,0.15,,,,,,,231.3000030517578,231.300003,,,,
10.216663360595703,10.216663,Uticnice,Uticnice,111473,111.473,0.2899999916553497,0.29,,,,,891.2498779296875,891.249878,2024-02-12 16:02:16.001207,2024-02-12 16:02:17,10.0,11.0,68.0,74.0,0.1500000059604644,0.16,,,,,,,231.3000030517578,231.300003,,,,
10.216663360595703,10.216663,Uticnice,Uticnice,111473,111.473,0.2899999916553497,0.29,,,,,891.2498779296875,891.249878,2024-02-12 16:02:18.001319,2024-02-12 16:02:19,11.0,11.0,74.0,74.0,0.1599999964237213,0.16,,,,,,,231.3000030517578,231.300003,,,,
10.216663360595703,10.216663,Uticnice,Uticnice,111473,111.473,0.2899999916553497,0.3,,,,,891.2498779296875,891.249878,2024-02-12 16:02:20.000555,2024-02-12 16:02:21,11.0,10.0,74.0,70.0,0.1599999964237213,0.15,,,,,,,231.3000030517578,231.0,,,,
10.216663360595703,10.216663,Uticnice,Uticnice,111473,111.473,0.3000000119209289,0.3,,,,,891.2498779296875,891.249878,2024-02-12 16:02:22.001037,2024-02-12 16:02:23,10.0,10.0,70.0,70.0,0.1500000059604644,0.15,,,,,,,231.0,231.0,,,,
10.216663360595703,10.216663,Uticnice,Uticnice,111473,111.473,0.3000000119209289,0.3,,,,,891.2498779296875,891.249878,2024-02-12 16:02:24.000934,2024-02-12 16:02:25,10.0,10.0,70.0,70.0,0.1500000059604644,0.15,,,,,,,231.0,231.0,,,,
10.216663360595703,10.216663,Uticnice,Uticnice,111473,111.473,0.3000000119209289,0.29,,,,,891.2498779296875,891.249878,2024-02-12 16:02:26.000199,2024-02-12 16:02:27,10.0,10.0,70.0,68.0,0.1500000059604644,0.15,,,,,,,231.0,230.699997,,,,
10.216663360595703,10.216663,Uticnice,Uticnice,111473,111.473,0.2899999916553497,0.29,,,,,891.2498779296875,891.249878,2024-02-12 16:02:28.000601,2024-02-12 16:02:29,10.0,10.0,68.0,68.0,0.1500000059604644,0.15,,,,,,,230.6999969482422,230.699997,,,,
10.216663360595703,10.216663,Uticnice,Uticnice,111473,111.473,0.2899999916553497,0.29,,,,,891.2498779296875,891.249878,2024-02-12 16:02:30.001172,2024-02-12 16:02:31,10.0,11.0,68.0,67.0,0.1500000059604644,0.15,,,,,,,230.6999969482422,230.699997,,,,
10.216663360595703,10.216663,Uticnice,Uticnice,111473,111.473,0.2899999916553497,0.29,,,,,891.2498779296875,891.249878,2024-02-12 16:02:32.000350,2024-02-12 16:02:33,11.0,11.0,67.0,67.0,0.1500000059604644,0.15,,,,,,,230.6999969482422,230.699997,,,,
10.216663360595703,10.216663,Uticnice,Uticnice,111473,111.473,0.2899999916553497,0.3,,,,,891.2498779296875,891.249878,2024-02-12 16:02:34.001646,2024-02-12 16:02:35,11.0,11.0,67.0,66.0,0.1500000059604644,0.15,,,,,,,230.6999969482422,230.600006,,,,
10.216663360595703,10.216663,Uticnice,Uticnice,111473,111.473,0.2899999916553497,0.3,,,,,891.2498779296875,891.249878,2024-02-12 16:02:36.000861,2024-02-12 16:02:37,11.0,11.0,67.0,66.0,0.1500000059604644,0.15,,,,,,,230.6999969482422,230.600006,,,,
10.216663360595703,10.216663,Uticnice,Uticnice,111473,111.473,0.3000000119209289,0.3,,,,,891.2498779296875,891.249878,2024-02-12 16:02:38.000937,2024-02-12 16:02:39,11.0,11.0,66.0,66.0,0.1500000059604644,0.15,,,,,,,230.6000061035156,230.600006,,,,
10.216663360595703,10.216663,Uticnice,Uticnice,111473,111.473,0.3000000119209289,0.31,,,,,891.2498779296875,891.249878,2024-02-12 16:02:40.002231,2024-02-12 16:02:41,11.0,11.0,66.0,71.0,0.1500000059604644,0.14,,,,,,,230.6000061035156,230.699997,,,,
10.216663360595703,10.216663,Uticnice,Uticnice,111473,111.473,0.3100000023841858,0.31,,,,,891.2498779296875,891.249878,2024-02-12 16:02:42.001165,2024-02-12 16:02:43,11.0,11.0,71.0,71.0,0.1400000005960464,0.14,,,,,,,230.6999969482422,230.699997,,,,
10.216663360595703,10.216663,Uticnice,Uticnice,111473,111.473,0.3100000023841858,0.29,,,,,891.2498779296875,891.249878,2024-02-12 16:02:44.001068,2024-02-12 16:02:45,11.0,10.0,71.0,66.0,0.1400000005960464,0.15,,,,,,,230.6999969482422,230.600006,,,,
10.216663360595703,10.216663,Uticnice,Uticnice,111473,111.473,0.3100000023841858,0.29,,,,,891.2498779296875,891.249878,2024-02-12 16:02:46.000205,2024-02-12 16:02:47,11.0,10.0,71.0,66.0,0.1400000005960464,0.15,,,,,,,230.6999969482422,230.600006,,,,
10.216663360595703,,Uticnice,,111473,,0.2899999916553497,,,,,,891.2498779296875,,2024-02-12 16:02:48.001879,,10.0,,66.0,,0.1500000059604644,,,,,,,,230.6000061035156,,,,,
10.216663360595703,10.216663,Uticnice,Uticnice,111473,111.473,0.2899999916553497,0.29,,,,,891.2498779296875,891.249878,2024-02-12 16:02:50.000969,2024-02-12 16:02:50,10.0,10.0,66.0,66.0,0.1500000059604644,0.15,,,,,,,230.6000061035156,230.600006,,,,
10.216663360595703,10.216663,Uticnice,Uticnice,111473,111.473,0.2899999916553497,0.29,,,,,891.2498779296875,891.249878,2024-02-12 16:02:52.002714,2024-02-12 16:02:52,10.0,10.0,67.0,67.0,0.1500000059604644,0.15,,,,,,,230.1000061035156,230.100006,,,,
10.216663360595703,10.216663,Uticnice,Uticnice,111473,111.473,0.2899999916553497,0.29,,,,,891.2498779296875,891.249878,2024-02-12 16:02:54.000477,2024-02-12 16:02:54,10.0,10.0,67.0,67.0,0.1500000059604644,0.15,,,,,,,230.1000061035156,230.100006,,,,
10.216663360595703,10.216663,Uticnice,Uticnice,111473,111.473,0.2899999916553497,0.3,,,,,891.2498779296875,891.249878,2024-02-12 16:02:56.000691,2024-02-12 16:02:56,10.0,11.0,67.0,68.0,0.1500000059604644,0.16,,,,,,,230.1000061035156,228.800003,,,,
10.23332977294922,10.23333,Uticnice,Uticnice,111473,111.473,0.3000000119209289,0.3,,,,,891.2498779296875,891.249878,2024-02-12 16:02:58.013655,2024-02-12 16:02:58,11.0,11.0,68.0,68.0,0.1599999964237213,0.16,,,,,,,228.8000030517578,228.800003,,,,
10.23332977294922,10.23333,Uticnice,Uticnice,111473,111.473,0.3000000119209289,0.3,,,,,891.2498779296875,891.249878,2024-02-12 16:03:00.001462,2024-02-12 16:03:00,11.0,11.0,68.0,68.0,0.1599999964237213,0.16,,,,,,,228.8000030517578,228.800003,,,,
10.23332977294922,10.23333,Uticnice,Uticnice,111473,111.473,0.2899999916553497,0.29,,,,,891.2498779296875,891.249878,2024-02-12 16:03:02.011714,2024-02-12 16:03:02,10.0,10.0,65.0,65.0,0.1599999964237213,0.16,,,,,,,228.8000030517578,228.800003,,,,
10.23332977294922,10.23333,Uticnice,Uticnice,111473,111.473,0.2899999916553497,0.29,,,,,891.2498779296875,891.249878,2024-02-12 16:03:04.007142,2024-02-12 16:03:04,10.0,10.0,65.0,65.0,0.1599999964237213,0.16,,,,,,,228.8000030517578,228.800003,,,,
10.23332977294922,10.23333,Uticnice,Uticnice,111473,111.473,0.2899999916553497,0.29,,,,,891.2498779296875,891.249878,2024-02-12 16:03:06.015149,2024-02-12 16:03:06,10.0,10.0,65.0,66.0,0.1599999964237213,0.16,,,,,,,228.8000030517578,229.0,,,,
10.23332977294922,10.23333,Uticnice,Uticnice,111473,111.473,0.2899999916553497,0.29,,,,,891.2498779296875,891.249878,2024-02-12 16:03:08.012287,2024-02-12 16:03:08,10.0,10.0,66.0,66.0,0.1599999964237213,0.16,,,,,,,229.0,229.0,,,,
10.23332977294922,10.23333,Uticnice,Uticnice,111473,111.473,0.2899999916553497,0.29,,,,,891.2498779296875,891.249878,2024-02-12 16:03:10.000756,2024-02-12 16:03:10,10.0,10.0,66.0,66.0,0.1599999964237213,0.16,,,,,,,229.0,229.0,,,,
10.23332977294922,10.23333,Uticnice,Uticnice,111473,111.473,0.2899999916553497,0.29,,,,,891.2498779296875,891.249878,2024-02-12 16:03:12.002574,2024-02-12 16:03:12,11.0,11.0,72.0,72.0,0.1500000059604644,0.15,,,,,,,229.1000061035156,229.100006,,,,
10.23332977294922,10.23333,Uticnice,Uticnice,111473,111.473,0.2899999916553497,0.29,,,,,891.2498779296875,891.249878,2024-02-12 16:03:14.005844,2024-02-12 16:03:14,11.0,11.0,72.0,72.0,0.1500000059604644,0.15,,,,,,,229.1000061035156,229.100006,,,,
10.23332977294922,10.23333,Uticnice,Uticnice,111473,111.473,0.2899999916553497,0.29,,,,,891.2498779296875,891.249878,2024-02-12 16:03:16.001887,2024-02-12 16:03:17,11.0,10.0,72.0,65.0,0.1500000059604644,0.16,,,,,,,229.1000061035156,229.100006,,,,
10.23332977294922,10.23333,Uticnice,Uticnice,111473,111.473,0.2899999916553497,0.29,,,,,891.2498779296875,891.249878,2024-02-12 16:03:18.011157,2024-02-12 16:03:19,10.0,10.0,65.0,65.0,0.1599999964237213,0.16,,,,,,,229.1000061035156,229.100006,,,,
10.23332977294922,10.23333,Uticnice,Uticnice,111473,111.473,0.2899999916553497,0.29,,,,,891.2498779296875,891.249878,2024-02-12 16:03:20.011097,2024-02-12 16:03:21,10.0,10.0,65.0,73.0,0.1599999964237213,0.16,,,,,,,229.1000061035156,229.100006,,,,
10.23332977294922,10.23333,Uticnice,Uticnice,111473,111.473,0.2899999916553497,0.29,,,,,891.2498779296875,891.249878,2024-02-12 16:03:22.001757,2024-02-12 16:03:23,10.0,10.0,73.0,73.0,0.1599999964237213,0.16,,,,,,,229.1000061035156,229.100006,,,,
10.23332977294922,10.23333,Uticnice,Uticnice,111473,111.473,0.2899999916553497,0.29,,,,,891.2498779296875,891.249878,2024-02-12 16:03:24.003179,2024-02-12 16:03:25,10.0,10.0,73.0,73.0,0.1599999964237213,0.16,,,,,,,229.1000061035156,229.100006,,,,
10.23332977294922,10.23333,Uticnice,Uticnice,111473,111.473,0.2899999916553497,0.29,,,,,891.2498779296875,891.249878,2024-02-12 16:03:26.008698,2024-02-12 16:03:27,10.0,10.0,73.0,65.0,0.1599999964237213,0.15,,,,,,,229.1000061035156,229.100006,,,,
10.23332977294922,10.23333,Uticnice,Uticnice,111473,111.473,0.2899999916553497,0.29,,,,,891.2498779296875,891.249878,2024-02-12 16:03:28.001237,2024-02-12 16:03:29,10.0,10.0,65.0,65.0,0.1500000059604644,0.15,,,,,,,229.1000061035156,229.100006,,,,
10.23332977294922,10.23333,Uticnice,Uticnice,111473,111.473,0.2899999916553497,0.28,,,,,891.2498779296875,891.249878,2024-02-12 16:03:30.001355,2024-02-12 16:03:31,10.0,11.0,65.0,74.0,0.1500000059604644,0.15,,,,,,,229.1000061035156,229.199997,,,,
10.23332977294922,10.23333,Uticnice,Uticnice,111473,111.473,0.2800000011920929,0.28,,,,,891.2498779296875,891.249878,2024-02-12 16:03:32.000527,2024-02-12 16:03:33,11.0,11.0,74.0,74.0,0.1500000059604644,0.15,,,,,,,229.1999969482422,229.199997,,,,
10.23332977294922,10.23333,Uticnice,Uticnice,111473,111.473,0.2800000011920929,0.29,,,,,891.2498779296875,891.249878,2024-02-12 16:03:34.000399,2024-02-12 16:03:35,11.0,10.0,74.0,66.0,0.1500000059604644,0.15,,,,,,,229.1999969482422,229.100006,,,,
10.23332977294922,10.23333,Uticnice,Uticnice,111473,111.473,0.2800000011920929,0.29,,,,,891.2498779296875,891.249878,2024-02-12 16:03:36.002058,2024-02-12 16:03:37,11.0,10.0,74.0,66.0,0.1500000059604644,0.15,,,,,,,229.1999969482422,229.100006,,,,
10.23332977294922,10.23333,Uticnice,Uticnice,111473,111.473,0.2899999916553497,0.29,,,,,891.2498779296875,891.249878,2024-02-12 16:03:38.001746,2024-02-12 16:03:39,10.0,10.0,66.0,66.0,0.1500000059604644,0.15,,,,,,,229.1000061035156,229.100006,,,,
10.23332977294922,10.23333,Uticnice,Uticnice,111473,111.473,0.2899999916553497,0.3,,,,,891.2498779296875,891.249878,2024-02-12 16:03:40.000624,2024-02-12 16:03:41,10.0,10.0,66.0,67.0,0.1500000059604644,0.15,,,,,,,229.1000061035156,229.699997,,,,
10.23332977294922,10.23333,Uticnice,Uticnice,111473,111.473,0.3000000119209289,0.3,,,,,891.2498779296875,891.249878,2024-02-12 16:03:42.000167,2024-02-12 16:03:43,10.0,10.0,67.0,67.0,0.1500000059604644,0.15,,,,,,,229.6999969482422,229.699997,,,,
10.23332977294922,10.23333,Uticnice,Uticnice,111473,111.473,0.3000000119209289,0.31,,,,,891.2498779296875,891.249878,2024-02-12 16:03:44.001116,2024-02-12 16:03:45,10.0,10.0,67.0,74.0,0.1500000059604644,0.15,,,,,,,229.6999969482422,230.5,,,,
10.23332977294922,10.23333,Uticnice,Uticnice,111473,111.473,0.3000000119209289,0.31,,,,,891.2498779296875,891.249878,2024-02-12 16:03:46.000351,2024-02-12 16:03:47,10.0,10.0,67.0,74.0,0.1500000059604644,0.15,,,,,,,229.6999969482422,230.5,,,,
10.23332977294922,10.249996,Uticnice,Uticnice,111473,111.473,0.3100000023841858,0.31,,,,,891.2498779296875,891.249878,2024-02-12 16:03:48.002015,2024-02-12 16:03:49,10.0,10.0,74.0,74.0,0.1500000059604644,0.15,,,,,,,230.5,230.5,,,,
10.249996185302734,,Uticnice,,111473,,0.3100000023841858,,,,,,891.2498779296875,,2024-02-12 16:03:50.000878,,10.0,,74.0,,0.1500000059604644,,,,,,,,230.5,,,,,
10.249996185302734,10.249996,Uticnice,Uticnice,111473,111.473,0.3100000023841858,0.31,,,,,891.2498779296875,891.249878,2024-02-12 16:03:52.000721,2024-02-12 16:03:52,11.0,11.0,67.0,67.0,0.1500000059604644,0.15,,,,,,,230.6999969482422,230.699997,,,,
10.249996185302734,10.249996,Uticnice,Uticnice,111473,111.473,0.3100000023841858,0.31,,,,,891.2498779296875,891.249878,2024-02-12 16:03:54.002274,2024-02-12 16:03:54,11.0,11.0,67.0,67.0,0.1500000059604644,0.15,,,,,,,230.6999969482422,230.699997,,,,
10.249996185302734,10.249996,Uticnice,Uticnice,111473,111.473,0.3100000023841858,0.29,,,,,891.2498779296875,891.249878,2024-02-12 16:03:56.000815,2024-02-12 16:03:56,11.0,11.0,67.0,67.0,0.1500000059604644,0.16,,,,,,,230.6999969482422,230.699997,,,,
10.249996185302734,10.249996,Uticnice,Uticnice,111473,111.473,0.2899999916553497,0.29,,,,,891.2498779296875,891.249878,2024-02-12 16:03:58.001756,2024-02-12 16:03:58,11.0,11.0,67.0,67.0,0.1599999964237213,0.16,,,,,,,230.6999969482422,230.699997,,,,
10.266663551330566,10.266664,Uticnice,Uticnice,111473,111.473,0.2899999916553497,0.29,,,,,891.2498779296875,891.249878,2024-02-12 16:04:00.000475,2024-02-12 16:04:00,11.0,11.0,67.0,67.0,0.1599999964237213,0.16,,,,,,,230.6999969482422,230.699997,,,,
10.266663551330566,10.266664,Uticnice,Uticnice,111473,111.473,0.2899999916553497,0.29,,,,,891.2498779296875,891.249878,2024-02-12 16:04:02.000571,2024-02-12 16:04:02,11.0,11.0,68.0,68.0,0.1599999964237213,0.16,,,,,,,230.6000061035156,230.600006,,,,
10.266663551330566,10.266664,Uticnice,Uticnice,111473,111.473,0.2899999916553497,0.29,,,,,891.2498779296875,891.249878,2024-02-12 16:04:04.000711,2024-02-12 16:04:04,11.0,11.0,68.0,68.0,0.1599999964237213,0.16,,,,,,,230.6000061035156,230.600006,,,,
10.266663551330566,10.266664,Uticnice,Uticnice,111473,111.473,0.2899999916553497,0.29,,,,,891.2498779296875,891.249878,2024-02-12 16:04:06.000707,2024-02-12 16:04:06,11.0,10.0,68.0,66.0,0.1599999964237213,0.16,,,,,,,230.6000061035156,230.600006,,,,
10.266663551330566,10.266664,Uticnice,Uticnice,111473,111.473,0.2899999916553497,0.29,,,,,891.2498779296875,891.249878,2024-02-12 16:04:08.000925,2024-02-12 16:04:08,10.0,10.0,66.0,66.0,0.1599999964237213,0.16,,,,,,,230.6000061035156,230.600006,,,,
10.24999713897705,10.249997,Uticnice,Uticnice,111473,111.473,0.2899999916553497,0.29,,,,,891.2498779296875,891.249878,2024-02-12 16:04:10.000240,2024-02-12 16:04:10,10.0,10.0,66.0,66.0,0.1599999964237213,0.16,,,,,,,230.6000061035156,230.600006,,,,
10.24999713897705,10.249997,Uticnice,Uticnice,111473,111.473,0.2899999916553497,0.29,,,,,891.2498779296875,891.249878,2024-02-12 16:04:12.001967,2024-02-12 16:04:12,11.0,11.0,67.0,67.0,0.1599999964237213,0.16,,,,,,,230.6000061035156,230.600006,,,,
10.24999713897705,10.249997,Uticnice,Uticnice,111473,111.473,0.2899999916553497,0.29,,,,,891.2498779296875,891.249878,2024-02-12 16:04:14.000304,2024-02-12 16:04:14,11.0,11.0,67.0,67.0,0.1599999964237213,0.16,,,,,,,230.6000061035156,230.600006,,,,
10.24999713897705,10.249997,Uticnice,Uticnice,111473,111.473,0.2899999916553497,0.29,,,,,891.2498779296875,891.249878,2024-02-12 16:04:16.002087,2024-02-12 16:04:16,11.0,11.0,67.0,67.0,0.1599999964237213,0.15,,,,,,,230.6000061035156,230.699997,,,,
10.24999713897705,10.249997,Uticnice,Uticnice,111473,111.473,0.2899999916553497,0.29,,,,,891.2498779296875,891.249878,2024-02-12 16:04:18.000095,2024-02-12 16:04:18,11.0,11.0,67.0,67.0,0.1500000059604644,0.15,,,,,,,230.6999969482422,230.699997,,,,
10.24999713897705,10.249997,Uticnice,Uticnice,111473,111.473,0.2899999916553497,0.29,,,,,891.2498779296875,891.249878,2024-02-12 16:04:20.000781,2024-02-12 16:04:21,11.0,11.0,67.0,66.0,0.1500000059604644,0.16,,,,,,,230.6999969482422,230.899994,,,,
10.24999713897705,10.249997,Uticnice,Uticnice,111473,111.473,0.2899999916553497,0.29,,,,,891.2498779296875,891.249878,2024-02-12 16:04:22.000795,2024-02-12 16:04:23,11.0,11.0,66.0,66.0,0.1599999964237213,0.16,,,,,,,230.8999938964844,230.899994,,,,
10.24999713897705,10.249997,Uticnice,Uticnice,111473,111.473,0.2899999916553497,0.29,,,,,891.2498779296875,891.249878,2024-02-12 16:04:24.000041,2024-02-12 16:04:25,11.0,11.0,66.0,66.0,0.1599999964237213,0.16,,,,,,,230.8999938964844,230.899994,,,,
10.24999713897705,10.249997,Uticnice,Uticnice,111473,111.473,0.2899999916553497,0.29,,,,,891.2498779296875,891.249878,2024-02-12 16:04:26.000736,2024-02-12 16:04:27,11.0,10.0,66.0,67.0,0.1599999964237213,0.16,,,,,,,230.8999938964844,231.0,,,,
10.24999713897705,10.249997,Uticnice,Uticnice,111473,111.473,0.2899999916553497,0.29,,,,,891.2498779296875,891.249878,2024-02-12 16:04:28.002284,2024-02-12 16:04:29,10.0,10.0,67.0,67.0,0.1599999964237213,0.16,,,,,,,231.0,231.0,,,,
10.24999713897705,10.233331,Uticnice,Uticnice,111473,111.473,0.2899999916553497,0.29,,,,,891.2498779296875,891.249878,2024-02-12 16:04:30.001014,2024-02-12 16:04:31,10.0,10.0,67.0,67.0,0.1599999964237213,0.16,,,,,,,231.0,231.199997,,,,
10.233330726623535,10.233331,Uticnice,Uticnice,111473,111.473,0.2899999916553497,0.29,,,,,891.2498779296875,891.249878,2024-02-12 16:04:32.000147,2024-02-12 16:04:33,10.0,10.0,67.0,67.0,0.1599999964237213,0.16,,,,,,,231.1999969482422,231.199997,,,,
10.233330726623535,10.233331,Uticnice,Uticnice,111473,111.473,0.2899999916553497,0.29,,,,,891.2498779296875,891.249878,2024-02-12 16:04:34.001310,2024-02-12 16:04:35,10.0,10.0,67.0,67.0,0.1599999964237213,0.16,,,,,,,231.1999969482422,231.199997,,,,
10.233330726623535,10.233331,Uticnice,Uticnice,111473,111.473,0.2899999916553497,0.29,,,,,891.2498779296875,891.249878,2024-02-12 16:04:36.001752,2024-02-12 16:04:37,10.0,10.0,67.0,70.0,0.1599999964237213,0.16,,,,,,,231.1999969482422,231.0,,,,
10.233330726623535,10.233331,Uticnice,Uticnice,111473,111.473,0.2899999916553497,0.29,,,,,891.2498779296875,891.249878,2024-02-12 16:04:38.000834,2024-02-12 16:04:39,10.0,10.0,70.0,70.0,0.1599999964237213,0.16,,,,,,,231.0,231.0,,,,
10.233330726623535,10.233331,Uticnice,Uticnice,111473,111.473,0.2899999916553497,0.3,,,,,891.2498779296875,891.249878,2024-02-12 16:04:40.001715,2024-02-12 16:04:41,10.0,11.0,70.0,66.0,0.1599999964237213,0.15,,,,,,,231.0,231.0,,,,
10.233330726623535,10.233331,Uticnice,Uticnice,111473,111.473,0.3000000119209289,0.3,,,,,891.2498779296875,891.249878,2024-02-12 16:04:42.000060,2024-02-12 16:04:43,11.0,11.0,66.0,66.0,0.1500000059604644,0.15,,,,,,,231.0,231.0,,,,
10.233330726623535,10.233331,Uticnice,Uticnice,111473,111.473,0.3000000119209289,0.29,,,,,891.2498779296875,891.249878,2024-02-12 16:04:44.000710,2024-02-12 16:04:45,11.0,10.0,66.0,66.0,0.1500000059604644,0.16,,,,,,,231.0,231.100006,,,,
10.233330726623535,10.233331,Uticnice,Uticnice,111473,111.473,0.3000000119209289,0.29,,,,,891.2498779296875,891.249878,2024-02-12 16:04:46.001338,2024-02-12 16:04:47,11.0,10.0,66.0,66.0,0.1500000059604644,0.16,,,,,,,231.0,231.100006,,,,
10.233330726623535,10.233331,Uticnice,Uticnice,111473,111.473,0.2899999916553497,0.29,,,,,891.2498779296875,891.249878,2024-02-12 16:04:48.000435,2024-02-12 16:04:49,10.0,10.0,66.0,66.0,0.1599999964237213,0.16,,,,,,,231.1000061035156,231.100006,,,,
10.233330726623535,10.216664,Uticnice,Uticnice,111473,111.473,0.2899999916553497,0.29,,,,,891.2498779296875,891.249878,2024-02-12 16:04:50.001006,2024-02-12 16:04:51,10.0,10.0,66.0,72.0,0.1599999964237213,0.15,,,,,,,231.1000061035156,231.199997,,,,
10.21666431427002,10.216664,Uticnice,Uticnice,111473,111.473,0.2899999916553497,0.29,,,,,891.2498779296875,891.249878,2024-02-12 16:04:52.001899,2024-02-12 16:04:53,10.0,10.0,72.0,72.0,0.1500000059604644,0.15,,,,,,,231.1999969482422,231.199997,,,,
10.21666431427002,10.216664,Uticnice,Uticnice,111473,111.473,0.2899999916553497,0.29,,,,,891.2498779296875,891.249878,2024-02-12 16:04:54.001350,2024-02-12 16:04:55,10.0,10.0,72.0,67.0,0.1500000059604644,0.15,,,,,,,231.1999969482422,231.399994,,,,
10.21666431427002,10.216664,Uticnice,Uticnice,111473,111.473,0.2899999916553497,0.29,,,,,891.2498779296875,891.249878,2024-02-12 16:04:56.001084,2024-02-12 16:04:57,10.0,10.0,72.0,67.0,0.1500000059604644,0.15,,,,,,,231.1999969482422,231.399994,,,,
10.21666431427002,10.216664,Uticnice,Uticnice,111473,111.473,0.2899999916553497,0.29,,,,,891.2498779296875,891.249878,2024-02-12 16:04:58.002159,2024-02-12 16:04:59,10.0,10.0,67.0,67.0,0.1500000059604644,0.15,,,,,,,231.3999938964844,231.399994,,,,
10.21666431427002,10.216664,Uticnice,Uticnice,111473,111.473,0.2899999916553497,0.29,,,,,891.2498779296875,891.249878,2024-02-12 16:05:00.000394,2024-02-12 16:05:01,10.0,10.0,67.0,70.0,0.1500000059604644,0.15,,,,,,,231.3999938964844,231.199997,,,,
10.21666431427002,,Uticnice,,111473,,0.2899999916553497,,,,,,891.2498779296875,,2024-02-12 16:05:02.000267,,10.0,,70.0,,0.1500000059604644,,,,,,,,231.1999969482422,,,,,
10.21666431427002,10.216664,Uticnice,Uticnice,111473,111.473,0.2899999916553497,0.29,,,,,891.2498779296875,891.249878,2024-02-12 16:05:04.000790,2024-02-12 16:05:04,10.0,10.0,70.0,70.0,0.1500000059604644,0.15,,,,,,,231.1999969482422,231.199997,,,,
10.21666431427002,10.216664,Uticnice,Uticnice,111473,111.473,0.2899999916553497,0.29,,,,,891.2498779296875,891.249878,2024-02-12 16:05:06.002051,2024-02-12 16:05:06,10.0,10.0,70.0,69.0,0.1500000059604644,0.15,,,,,,,231.1999969482422,231.199997,,,,
10.21666431427002,10.216664,Uticnice,Uticnice,111473,111.473,0.2899999916553497,0.29,,,,,891.2498779296875,891.249878,2024-02-12 16:05:08.002016,2024-02-12 16:05:08,10.0,10.0,69.0,69.0,0.1500000059604644,0.15,,,,,,,231.1999969482422,231.199997,,,,
10.21666431427002,10.216664,Uticnice,Uticnice,111473,111.473,0.2899999916553497,0.29,,,,,891.2498779296875,891.249878,2024-02-12 16:05:10.000676,2024-02-12 16:05:10,10.0,10.0,69.0,69.0,0.1500000059604644,0.15,,,,,,,231.1999969482422,231.199997,,,,
10.21666431427002,10.216664,Uticnice,Uticnice,111474,111.474,0.3000000119209289,0.3,,,,,891.2498779296875,891.249878,2024-02-12 16:05:12.000672,2024-02-12 16:05:12,10.0,10.0,67.0,67.0,0.1500000059604644,0.15,,,,,,,231.1999969482422,231.199997,,,,
10.21666431427002,10.216664,Uticnice,Uticnice,111474,111.474,0.3000000119209289,0.3,,,,,891.2498779296875,891.249878,2024-02-12 16:05:14.001338,2024-02-12 16:05:14,10.0,10.0,67.0,67.0,0.1500000059604644,0.15,,,,,,,231.1999969482422,231.199997,,,,
10.21666431427002,10.216664,Uticnice,Uticnice,111474,111.474,0.3000000119209289,0.29,,,,,891.2498779296875,891.249878,2024-02-12 16:05:16.000481,2024-02-12 16:05:16,10.0,10.0,67.0,68.0,0.1500000059604644,0.15,,,,,,,231.1999969482422,231.100006,,,,
10.21666431427002,10.216664,Uticnice,Uticnice,111474,111.474,0.2899999916553497,0.29,,,,,891.2498779296875,891.249878,2024-02-12 16:05:18.000852,2024-02-12 16:05:18,10.0,10.0,68.0,68.0,0.1500000059604644,0.15,,,,,,,231.1000061035156,231.100006,,,,
10.21666431427002,10.216664,Uticnice,Uticnice,111474,111.474,0.2899999916553497,0.29,,,,,891.2498779296875,891.249878,2024-02-12 16:05:20.000330,2024-02-12 16:05:20,10.0,10.0,68.0,68.0,0.1500000059604644,0.15,,,,,,,231.1000061035156,231.100006,,,,
10.21666431427002,10.216664,Uticnice,Uticnice,111474,111.474,0.3000000119209289,0.3,,,,,891.2498779296875,891.249878,2024-02-12 16:05:22.000830,2024-02-12 16:05:22,10.0,10.0,66.0,66.0,0.1500000059604644,0.15,,,,,,,231.1000061035156,231.100006,,,,
10.21666431427002,10.216664,Uticnice,Uticnice,111474,111.474,0.3000000119209289,0.3,,,,,891.2498779296875,891.249878,2024-02-12 16:05:24.001940,2024-02-12 16:05:24,10.0,10.0,66.0,66.0,0.1500000059604644,0.15,,,,,,,231.1000061035156,231.100006,,,,
10.21666431427002,10.216664,Uticnice,Uticnice,111474,111.474,0.3000000119209289,0.29,,,,,891.2498779296875,891.249878,2024-02-12 16:05:26.000499,2024-02-12 16:05:26,10.0,10.0,66.0,68.0,0.1500000059604644,0.16,,,,,,,231.1000061035156,231.199997,,,,
10.21666431427002,10.216664,Uticnice,Uticnice,111474,111.474,0.2899999916553497,0.29,,,,,891.2498779296875,891.249878,2024-02-12 16:05:28.000528,2024-02-12 16:05:28,10.0,10.0,68.0,68.0,0.1599999964237213,0.16,,,,,,,231.1999969482422,231.199997,,,,
10.21666431427002,10.216664,Uticnice,Uticnice,111474,111.474,0.2899999916553497,0.29,,,,,891.2498779296875,891.249878,2024-02-12 16:05:30.000823,2024-02-12 16:05:31,10.0,10.0,68.0,71.0,0.1599999964237213,0.15,,,,,,,231.1999969482422,231.100006,,,,
10.21666431427002,10.216664,Uticnice,Uticnice,111474,111.474,0.2899999916553497,0.29,,,,,891.2498779296875,891.249878,2024-02-12 16:05:32.001966,2024-02-12 16:05:33,10.0,10.0,71.0,71.0,0.1500000059604644,0.15,,,,,,,231.1000061035156,231.100006,,,,
10.21666431427002,10.216664,Uticnice,Uticnice,111474,111.474,0.2899999916553497,0.29,,,,,891.2498779296875,891.249878,2024-02-12 16:05:34.001479,2024-02-12 16:05:35,10.0,10.0,71.0,71.0,0.1500000059604644,0.15,,,,,,,231.1000061035156,231.100006,,,,
10.21666431427002,10.216664,Uticnice,Uticnice,111474,111.474,0.2899999916553497,0.31,,,,,891.2498779296875,891.249878,2024-02-12 16:05:36.000341,2024-02-12 16:05:37,10.0,10.0,71.0,67.0,0.1500000059604644,0.15,,,,,,,231.1000061035156,230.899994,,,,
10.21666431427002,10.216664,Uticnice,Uticnice,111474,111.474,0.3100000023841858,0.31,,,,,891.2498779296875,891.249878,2024-02-12 16:05:38.000741,2024-02-12 16:05:39,10.0,10.0,67.0,67.0,0.1500000059604644,0.15,,,,,,,230.8999938964844,230.899994,,,,
10.21666431427002,10.216664,Uticnice,Uticnice,111474,111.474,0.3100000023841858,0.29,,,,,891.2498779296875,891.249878,2024-02-12 16:05:40.000428,2024-02-12 16:05:41,10.0,11.0,67.0,69.0,0.1500000059604644,0.15,,,,,,,230.8999938964844,230.800003,,,,
10.21666431427002,10.233331,Uticnice,Uticnice,111474,111.474,0.2899999916553497,0.29,,,,,891.2498779296875,891.249878,2024-02-12 16:05:42.000936,2024-02-12 16:05:43,11.0,11.0,69.0,69.0,0.1500000059604644,0.15,,,,,,,230.8000030517578,230.800003,,,,
10.233330726623535,10.233331,Uticnice,Uticnice,111474,111.474,0.2899999916553497,0.29,,,,,891.2498779296875,891.249878,2024-02-12 16:05:44.000607,2024-02-12 16:05:45,11.0,11.0,69.0,69.0,0.1500000059604644,0.15,,,,,,,230.8000030517578,230.800003,,,,
10.233330726623535,10.233331,Uticnice,Uticnice,111474,111.474,0.2899999916553497,0.29,,,,,891.2498779296875,891.249878,2024-02-12 16:05:46.002014,2024-02-12 16:05:47,11.0,10.0,69.0,67.0,0.1500000059604644,0.16,,,,,,,230.8000030517578,230.899994,,,,
10.233330726623535,10.233331,Uticnice,Uticnice,111474,111.474,0.2899999916553497,0.29,,,,,891.2498779296875,891.249878,2024-02-12 16:05:48.001839,2024-02-12 16:05:49,10.0,10.0,67.0,67.0,0.1599999964237213,0.16,,,,,,,230.8999938964844,230.899994,,,,
10.233330726623535,10.233331,Uticnice,Uticnice,111474,111.474,0.2899999916553497,0.29,,,,,891.2498779296875,891.249878,2024-02-12 16:05:50.001729,2024-02-12 16:05:51,10.0,10.0,67.0,66.0,0.1599999964237213,0.15,,,,,,,230.8999938964844,230.800003,,,,
10.233330726623535,10.233331,Uticnice,Uticnice,111474,111.474,0.2899999916553497,0.29,,,,,891.2498779296875,891.249878,2024-02-12 16:05:52.000277,2024-02-12 16:05:53,10.0,10.0,66.0,66.0,0.1500000059604644,0.15,,,,,,,230.8000030517578,230.800003,,,,
10.233330726623535,10.233331,Uticnice,Uticnice,111474,111.474,0.2899999916553497,0.29,,,,,891.2498779296875,891.249878,2024-02-12 16:05:54.001231,2024-02-12 16:05:55,10.0,10.0,66.0,66.0,0.1500000059604644,0.15,,,,,,,230.8000030517578,230.699997,,,,
10.233330726623535,10.233331,Uticnice,Uticnice,111474,111.474,0.2899999916553497,0.29,,,,,891.2498779296875,891.249878,2024-02-12 16:05:56.000597,2024-02-12 16:05:57,10.0,10.0,66.0,70.0,0.1500000059604644,0.15,,,,,,,230.8000030517578,230.699997,,,,
10.233330726623535,10.233331,Uticnice,Uticnice,111474,111.474,0.2899999916553497,0.29,,,,,891.2498779296875,891.249878,2024-02-12 16:05:58.001638,2024-02-12 16:05:59,10.0,10.0,70.0,70.0,0.1500000059604644,0.15,,,,,,,230.6999969482422,230.699997,,,,
10.233330726623535,10.233331,Uticnice,Uticnice,111474,111.474,0.2899999916553497,0.29,,,,,891.2498779296875,891.249878,2024-02-12 16:06:00.001089,2024-02-12 16:06:01,10.0,10.0,70.0,74.0,0.1500000059604644,0.15,,,,,,,230.6999969482422,230.800003,,,,
10.233330726623535,10.233331,Uticnice,Uticnice,111474,111.474,0.2899999916553497,0.29,,,,,891.2498779296875,891.249878,2024-02-12 16:06:02.000901,2024-02-12 16:06:03,10.0,10.0,74.0,74.0,0.1500000059604644,0.15,,,,,,,230.8000030517578,230.800003,,,,
10.233330726623535,10.233331,Uticnice,Uticnice,111474,111.474,0.2899999916553497,0.29,,,,,891.2498779296875,891.249878,2024-02-12 16:06:04.001722,2024-02-12 16:06:05,10.0,10.0,74.0,67.0,0.1500000059604644,0.15,,,,,,,230.8000030517578,230.800003,,,,
10.233330726623535,10.233331,Uticnice,Uticnice,111474,111.474,0.2899999916553497,0.29,,,,,891.2498779296875,891.249878,2024-02-12 16:06:06.000497,2024-02-12 16:06:07,10.0,10.0,74.0,67.0,0.1500000059604644,0.15,,,,,,,230.8000030517578,230.800003,,,,
10.233330726623535,10.233331,Uticnice,Uticnice,111474,111.474,0.2899999916553497,0.29,,,,,891.2498779296875,891.249878,2024-02-12 16:06:08.006281,2024-02-12 16:06:09,10.0,10.0,67.0,67.0,0.1500000059604644,0.15,,,,,,,230.8000030517578,230.800003,,,,
10.233330726623535,10.233331,Uticnice,Uticnice,111474,111.474,0.2899999916553497,0.3,,,,,891.2498779296875,891.249878,2024-02-12 16:06:10.009296,2024-02-12 16:06:11,10.0,11.0,67.0,72.0,0.1500000059604644,0.15,,,,,,,230.8000030517578,231.0,,,,
10.233330726623535,10.249997,Uticnice,Uticnice,111474,111.474,0.3000000119209289,0.3,,,,,891.2498779296875,891.249878,2024-02-12 16:06:12.014651,2024-02-12 16:06:13,11.0,11.0,72.0,72.0,0.1500000059604644,0.15,,,,,,,231.0,231.0,,,,
10.24999713897705,,Uticnice,,111474,,0.3000000119209289,,,,,,891.2498779296875,,2024-02-12 16:06:14.003585,,11.0,,72.0,,0.1500000059604644,,,,,,,,231.0,,,,,
10.24999713897705,10.249997,Uticnice,Uticnice,111474,111.474,0.3000000119209289,0.3,,,,,891.2498779296875,891.249878,2024-02-12 16:06:16.009456,2024-02-12 16:06:16,11.0,11.0,72.0,70.0,0.1500000059604644,0.15,,,,,,,231.0,231.199997,,,,
10.24999713897705,10.249997,Uticnice,Uticnice,111474,111.474,0.3000000119209289,0.3,,,,,891.2498779296875,891.249878,2024-02-12 16:06:18.014342,2024-02-12 16:06:18,11.0,11.0,70.0,70.0,0.1500000059604644,0.15,,,,,,,231.1999969482422,231.199997,,,,
10.24999713897705,10.249997,Uticnice,Uticnice,111474,111.474,0.3000000119209289,0.3,,,,,891.2498779296875,891.249878,2024-02-12 16:06:20.014314,2024-02-12 16:06:20,11.0,11.0,70.0,70.0,0.1500000059604644,0.15,,,,,,,231.1999969482422,231.199997,,,,
10.24999713897705,10.249997,Uticnice,Uticnice,111474,111.474,0.3000000119209289,0.3,,,,,891.2498779296875,891.249878,2024-02-12 16:06:22.009610,2024-02-12 16:06:22,10.0,10.0,69.0,69.0,0.1500000059604644,0.15,,,,,,,231.1000061035156,231.100006,,,,
10.24999713897705,10.249997,Uticnice,Uticnice,111474,111.474,0.3000000119209289,0.3,,,,,891.2498779296875,891.249878,2024-02-12 16:06:24.011834,2024-02-12 16:06:24,10.0,10.0,69.0,69.0,0.1500000059604644,0.15,,,,,,,231.1000061035156,231.100006,,,,
10.24999713897705,10.249997,Uticnice,Uticnice,111474,111.474,0.3000000119209289,0.29,,,,,891.2498779296875,891.249878,2024-02-12 16:06:26.002119,2024-02-12 16:06:26,10.0,11.0,69.0,67.0,0.1500000059604644,0.16,,,,,,,231.1000061035156,231.199997,,,,
10.24999713897705,10.249997,Uticnice,Uticnice,111474,111.474,0.2899999916553497,0.29,,,,,891.2498779296875,891.249878,2024-02-12 16:06:28.002124,2024-02-12 16:06:28,11.0,11.0,67.0,67.0,0.1599999964237213,0.16,,,,,,,231.1999969482422,231.199997,,,,
10.24999713897705,10.249997,Uticnice,Uticnice,111474,111.474,0.2899999916553497,0.29,,,,,891.2498779296875,891.249878,2024-02-12 16:06:30.002560,2024-02-12 16:06:30,11.0,11.0,67.0,67.0,0.1599999964237213,0.16,,,,,,,231.1999969482422,231.199997,,,,
10.24999713897705,10.249997,Uticnice,Uticnice,111474,111.474,0.3000000119209289,0.3,,,,,891.2498779296875,891.249878,2024-02-12 16:06:32.015120,2024-02-12 16:06:32,11.0,11.0,70.0,70.0,0.1500000059604644,0.15,,,,,,,231.1999969482422,231.199997,,,,
10.266663551330566,10.266664,Uticnice,Uticnice,111474,111.474,0.3000000119209289,0.3,,,,,891.2498779296875,891.249878,2024-02-12 16:06:34.000866,2024-02-12 16:06:34,11.0,11.0,70.0,70.0,0.1500000059604644,0.15,,,,,,,231.1999969482422,231.199997,,,,
10.266663551330566,10.266664,Uticnice,Uticnice,111474,111.474,0.3000000119209289,0.29,,,,,891.2498779296875,891.249878,2024-02-12 16:06:36.000397,2024-02-12 16:06:36,11.0,11.0,70.0,68.0,0.1500000059604644,0.15,,,,,,,231.1999969482422,231.199997,,,,
10.266663551330566,10.266664,Uticnice,Uticnice,111474,111.474,0.2899999916553497,0.29,,,,,891.2498779296875,891.249878,2024-02-12 16:06:38.000718,2024-02-12 16:06:38,11.0,11.0,68.0,68.0,0.1500000059604644,0.15,,,,,,,231.1999969482422,231.199997,,,,
10.266663551330566,10.266664,Uticnice,Uticnice,111474,111.474,0.2899999916553497,0.29,,,,,891.2498779296875,891.249878,2024-02-12 16:06:40.000544,2024-02-12 16:06:40,11.0,10.0,68.0,69.0,0.1500000059604644,0.15,,,,,,,231.1999969482422,231.100006,,,,
10.266663551330566,10.266664,Uticnice,Uticnice,111474,111.474,0.2899999916553497,0.29,,,,,891.2498779296875,891.249878,2024-02-12 16:06:42.000454,2024-02-12 16:06:42,10.0,10.0,69.0,69.0,0.1500000059604644,0.15,,,,,,,231.1000061035156,231.100006,,,,
10.266663551330566,10.266664,Uticnice,Uticnice,111474,111.474,0.2899999916553497,0.29,,,,,891.2498779296875,891.249878,2024-02-12 16:06:44.000268,2024-02-12 16:06:45,10.0,10.0,69.0,69.0,0.1500000059604644,0.15,,,,,,,231.1000061035156,231.100006,,,,
10.266663551330566,10.266664,Uticnice,Uticnice,111474,111.474,0.2899999916553497,0.3,,,,,891.2498779296875,891.249878,2024-02-12 16:06:46.001162,2024-02-12 16:06:47,10.0,10.0,69.0,73.0,0.1500000059604644,0.15,,,,,,,231.1000061035156,230.899994,,,,
10.266663551330566,10.266664,Uticnice,Uticnice,111474,111.474,0.3000000119209289,0.3,,,,,891.2498779296875,891.249878,2024-02-12 16:06:48.000051,2024-02-12 16:06:49,10.0,10.0,73.0,73.0,0.1500000059604644,0.15,,,,,,,230.8999938964844,230.899994,,,,
10.266663551330566,10.266664,Uticnice,Uticnice,111474,111.474,0.3000000119209289,0.3,,,,,891.2498779296875,891.249878,2024-02-12 16:06:50.000460,2024-02-12 16:06:51,10.0,11.0,73.0,67.0,0.1500000059604644,0.14,,,,,,,230.8999938964844,230.899994,,,,
10.266663551330566,10.266664,Uticnice,Uticnice,111474,111.474,0.3000000119209289,0.3,,,,,891.2498779296875,891.249878,2024-02-12 16:06:52.001088,2024-02-12 16:06:53,11.0,11.0,67.0,67.0,0.1400000005960464,0.14,,,,,,,230.8999938964844,230.899994,,,,
10.266663551330566,10.283331,Uticnice,Uticnice,111474,111.474,0.3000000119209289,0.3,,,,,891.2498779296875,891.249878,2024-02-12 16:06:54.002119,2024-02-12 16:06:55,11.0,11.0,67.0,67.0,0.1400000005960464,0.14,,,,,,,230.8999938964844,230.899994,,,,
10.283330917358398,10.283331,Uticnice,Uticnice,111474,111.474,0.3000000119209289,0.29,,,,,891.2498779296875,891.249878,2024-02-12 16:06:56.001227,2024-02-12 16:06:57,11.0,10.0,67.0,66.0,0.1400000005960464,0.15,,,,,,,230.8999938964844,230.899994,,,,
10.283330917358398,10.283331,Uticnice,Uticnice,111474,111.474,0.2899999916553497,0.29,,,,,891.2498779296875,891.249878,2024-02-12 16:06:58.001943,2024-02-12 16:06:59,10.0,10.0,66.0,66.0,0.1500000059604644,0.15,,,,,,,230.8999938964844,230.899994,,,,
10.283330917358398,10.283331,Uticnice,Uticnice,111474,111.474,0.2899999916553497,0.29,,,,,891.2498779296875,891.249878,2024-02-12 16:07:00.006089,2024-02-12 16:07:01,10.0,10.0,66.0,67.0,0.1500000059604644,0.15,,,,,,,230.8999938964844,230.800003,,,,
10.283330917358398,10.283331,Uticnice,Uticnice,111474,111.474,0.2899999916553497,0.29,,,,,891.2498779296875,891.249878,2024-02-12 16:07:02.006865,2024-02-12 16:07:03,10.0,10.0,67.0,67.0,0.1500000059604644,0.15,,,,,,,230.8000030517578,230.800003,,,,
10.283330917358398,10.283331,Uticnice,Uticnice,111474,111.474,0.2899999916553497,0.29,,,,,891.2498779296875,891.249878,2024-02-12 16:07:04.015232,2024-02-12 16:07:05,10.0,10.0,67.0,76.0,0.1500000059604644,0.15,,,,,,,230.8000030517578,231.0,,,,
10.283330917358398,10.283331,Uticnice,Uticnice,111474,111.474,0.2899999916553497,0.29,,,,,891.2498779296875,891.249878,2024-02-12 16:07:06.003654,2024-02-12 16:07:07,10.0,10.0,67.0,76.0,0.1500000059604644,0.15,,,,,,,230.8000030517578,231.0,,,,
10.283330917358398,10.283331,Uticnice,Uticnice,111474,111.474,0.2899999916553497,0.29,,,,,891.2498779296875,891.249878,2024-02-12 16:07:08.014068,2024-02-12 16:07:09,10.0,10.0,76.0,76.0,0.1500000059604644,0.15,,,,,,,231.0,231.0,,,,
10.283330917358398,10.283331,Uticnice,Uticnice,111474,111.474,0.2899999916553497,0.3,,,,,891.2498779296875,891.249878,2024-02-12 16:07:10.004887,2024-02-12 16:07:11,10.0,11.0,76.0,69.0,0.1500000059604644,0.15,,,,,,,231.0,230.800003,,,,
10.283330917358398,10.283331,Uticnice,Uticnice,111474,111.474,0.3000000119209289,0.3,,,,,891.2498779296875,891.249878,2024-02-12 16:07:12.012722,2024-02-12 16:07:13,11.0,11.0,69.0,69.0,0.1500000059604644,0.15,,,,,,,230.8000030517578,230.800003,,,,
10.283330917358398,10.283331,Uticnice,Uticnice,111474,111.474,0.3000000119209289,0.29,,,,,891.2498779296875,891.249878,2024-02-12 16:07:14.009798,2024-02-12 16:07:15,11.0,10.0,69.0,68.0,0.1500000059604644,0.15,,,,,,,230.8000030517578,230.800003,,,,
10.283330917358398,10.283331,Uticnice,Uticnice,111474,111.474,0.3000000119209289,0.29,,,,,891.2498779296875,891.249878,2024-02-12 16:07:16.008564,2024-02-12 16:07:17,11.0,10.0,69.0,68.0,0.1500000059604644,0.15,,,,,,,230.8000030517578,230.800003,,,,
10.283330917358398,10.283331,Uticnice,Uticnice,111474,111.474,0.2899999916553497,0.29,,,,,891.2498779296875,891.249878,2024-02-12 16:07:18.008273,2024-02-12 16:07:19,10.0,10.0,68.0,68.0,0.1500000059604644,0.15,,,,,,,230.8000030517578,230.800003,,,,
10.283330917358398,10.283331,Uticnice,Uticnice,111474,111.474,0.2899999916553497,0.29,,,,,891.2498779296875,891.249878,2024-02-12 16:07:20.007077,2024-02-12 16:07:21,10.0,10.0,68.0,68.0,0.1500000059604644,0.15,,,,,,,230.8000030517578,230.899994,,,,
10.283330917358398,10.283331,Uticnice,Uticnice,111474,111.474,0.2899999916553497,0.29,,,,,891.2498779296875,891.249878,2024-02-12 16:07:22.007602,2024-02-12 16:07:23,10.0,10.0,68.0,68.0,0.1500000059604644,0.15,,,,,,,230.8999938964844,230.899994,,,,
10.283330917358398,10.283331,Uticnice,Uticnice,111474,111.474,0.2899999916553497,0.29,,,,,891.2498779296875,891.249878,2024-02-12 16:07:24.012274,2024-02-12 16:07:25,10.0,10.0,68.0,71.0,0.1500000059604644,0.15,,,,,,,230.8999938964844,230.899994,,,,
10.283330917358398,10.283331,Uticnice,Uticnice,111474,111.474,0.2899999916553497,0.29,,,,,891.2498779296875,891.249878,2024-02-12 16:07:26.009534,2024-02-12 16:07:27,10.0,10.0,68.0,71.0,0.1500000059604644,0.15,,,,,,,230.8999938964844,230.899994,,,,
10.283330917358398,,Uticnice,,111474,,0.2899999916553497,,,,,,891.2498779296875,,2024-02-12 16:07:28.001582,,10.0,,71.0,,0.1500000059604644,,,,,,,,230.8999938964844,,,,,
10.283330917358398,10.283331,Uticnice,Uticnice,111474,111.474,0.2899999916553497,0.29,,,,,891.2498779296875,891.249878,2024-02-12 16:07:30.000865,2024-02-12 16:07:30,10.0,10.0,71.0,71.0,0.1500000059604644,0.15,,,,,,,230.8999938964844,230.899994,,,,
10.283330917358398,10.283331,Uticnice,Uticnice,111474,111.474,0.2899999916553497,0.29,,,,,891.2498779296875,891.249878,2024-02-12 16:07:32.001032,2024-02-12 16:07:32,10.0,10.0,66.0,66.0,0.1500000059604644,0.15,,,,,,,231.0,231.0,,,,
10.283330917358398,10.283331,Uticnice,Uticnice,111474,111.474,0.2899999916553497,0.29,,,,,891.2498779296875,891.249878,2024-02-12 16:07:34.000347,2024-02-12 16:07:34,10.0,10.0,66.0,66.0,0.1500000059604644,0.15,,,,,,,231.0,231.0,,,,
10.266663551330566,10.266664,Uticnice,Uticnice,111474,111.474,0.2899999916553497,0.29,,,,,891.2498779296875,891.249878,2024-02-12 16:07:36.001942,2024-02-12 16:07:36,10.0,10.0,66.0,68.0,0.1500000059604644,0.15,,,,,,,231.0,231.100006,,,,
10.266663551330566,10.266664,Uticnice,Uticnice,111474,111.474,0.2899999916553497,0.29,,,,,891.2498779296875,891.249878,2024-02-12 16:07:38.000948,2024-02-12 16:07:38,10.0,10.0,68.0,68.0,0.1500000059604644,0.15,,,,,,,231.1000061035156,231.100006,,,,
10.266663551330566,10.266664,Uticnice,Uticnice,111474,111.474,0.2899999916553497,0.29,,,,,891.2498779296875,891.249878,2024-02-12 16:07:40.000222,2024-02-12 16:07:40,10.0,10.0,68.0,68.0,0.1500000059604644,0.15,,,,,,,231.1000061035156,231.100006,,,,
10.266663551330566,10.266664,Uticnice,Uticnice,111474,111.474,0.2899999916553497,0.29,,,,,891.2498779296875,891.249878,2024-02-12 16:07:42.000666,2024-02-12 16:07:42,10.0,10.0,70.0,70.0,0.1500000059604644,0.15,,,,,,,231.1000061035156,231.100006,,,,
10.266663551330566,10.266664,Uticnice,Uticnice,111474,111.474,0.2899999916553497,0.29,,,,,891.2498779296875,891.249878,2024-02-12 16:07:44.000737,2024-02-12 16:07:44,10.0,10.0,70.0,70.0,0.1500000059604644,0.15,,,,,,,231.1000061035156,231.100006,,,,
10.24999713897705,10.249997,Uticnice,Uticnice,111474,111.474,0.2899999916553497,0.3,,,,,891.2498779296875,891.249878,2024-02-12 16:07:46.001143,2024-02-12 16:07:46,10.0,11.0,70.0,67.0,0.1500000059604644,0.15,,,,,,,231.1000061035156,231.399994,,,,
10.24999713897705,10.249997,Uticnice,Uticnice,111474,111.474,0.3000000119209289,0.3,,,,,891.2498779296875,891.249878,2024-02-12 16:07:48.000731,2024-02-12 16:07:48,11.0,11.0,67.0,67.0,0.1500000059604644,0.15,,,,,,,231.3999938964844,231.399994,,,,
10.24999713897705,10.249997,Uticnice,Uticnice,111474,111.474,0.3000000119209289,0.29,,,,,891.2498779296875,891.249878,2024-02-12 16:07:50.000749,2024-02-12 16:07:50,11.0,10.0,67.0,70.0,0.1500000059604644,0.15,,,,,,,231.3999938964844,231.399994,,,,
10.24999713897705,10.249997,Uticnice,Uticnice,111474,111.474,0.2899999916553497,0.29,,,,,891.2498779296875,891.249878,2024-02-12 16:07:52.000970,2024-02-12 16:07:52,10.0,10.0,70.0,70.0,0.1500000059604644,0.15,,,,,,,231.3999938964844,231.399994,,,,
10.24999713897705,10.249997,Uticnice,Uticnice,111474,111.474,0.2899999916553497,0.29,,,,,891.2498779296875,891.249878,2024-02-12 16:07:54.000560,2024-02-12 16:07:54,10.0,10.0,70.0,70.0,0.1500000059604644,0.15,,,,,,,231.3999938964844,231.399994,,,,
10.24999713897705,10.249997,Uticnice,Uticnice,111474,111.474,0.2899999916553497,0.3,,,,,891.2498779296875,891.249878,2024-02-12 16:07:56.000529,2024-02-12 16:07:57,10.0,10.0,70.0,67.0,0.1500000059604644,0.16,,,,,,,231.3999938964844,231.300003,,,,
10.24999713897705,10.249997,Uticnice,Uticnice,111474,111.474,0.3000000119209289,0.3,,,,,891.2498779296875,891.249878,2024-02-12 16:07:58.000900,2024-02-12 16:07:59,10.0,10.0,67.0,67.0,0.1599999964237213,0.16,,,,,,,231.3000030517578,231.300003,,,,
10.24999713897705,10.249997,Uticnice,Uticnice,111474,111.474,0.3000000119209289,0.29,,,,,891.2498779296875,891.249878,2024-02-12 16:08:00.001978,2024-02-12 16:08:01,10.0,10.0,67.0,68.0,0.1599999964237213,0.15,,,,,,,231.3000030517578,231.199997,,,,
10.24999713897705,10.249997,Uticnice,Uticnice,111474,111.474,0.2899999916553497,0.29,,,,,891.2498779296875,891.249878,2024-02-12 16:08:02.000345,2024-02-12 16:08:03,10.0,10.0,68.0,68.0,0.1500000059604644,0.15,,,,,,,231.1999969482422,231.199997,,,,
10.24999713897705,10.249997,Uticnice,Uticnice,111474,111.474,0.2899999916553497,0.29,,,,,891.2498779296875,891.249878,2024-02-12 16:08:04.001356,2024-02-12 16:08:05,10.0,10.0,68.0,68.0,0.1500000059604644,0.15,,,,,,,231.1999969482422,231.199997,,,,
10.24999713897705,10.266664,Uticnice,Uticnice,111474,111.474,0.3000000119209289,0.3,,,,,891.2498779296875,891.249878,2024-02-12 16:08:06.001928,2024-02-12 16:08:07,10.0,11.0,68.0,66.0,0.1500000059604644,0.15,,,,,,,231.3000030517578,231.300003,,,,
10.266663551330566,10.266664,Uticnice,Uticnice,111474,111.474,0.3000000119209289,0.3,,,,,891.2498779296875,891.249878,2024-02-12 16:08:08.000313,2024-02-12 16:08:09,11.0,11.0,66.0,66.0,0.1500000059604644,0.15,,,,,,,231.3000030517578,231.300003,,,,
10.266663551330566,10.266664,Uticnice,Uticnice,111474,111.474,0.3000000119209289,0.28,,,,,891.2498779296875,891.249878,2024-02-12 16:08:10.000280,2024-02-12 16:08:11,11.0,11.0,66.0,68.0,0.1500000059604644,0.16,,,,,,,231.3000030517578,231.100006,,,,
10.266663551330566,10.266664,Uticnice,Uticnice,111474,111.474,0.2800000011920929,0.28,,,,,891.2498779296875,891.249878,2024-02-12 16:08:12.000806,2024-02-12 16:08:13,11.0,11.0,68.0,68.0,0.1599999964237213,0.16,,,,,,,231.1000061035156,231.100006,,,,
10.266663551330566,10.266664,Uticnice,Uticnice,111474,111.474,0.2800000011920929,0.29,,,,,891.2498779296875,891.249878,2024-02-12 16:08:14.000360,2024-02-12 16:08:15,11.0,11.0,68.0,75.0,0.1599999964237213,0.16,,,,,,,231.1000061035156,230.899994,,,,
10.266663551330566,10.283331,Uticnice,Uticnice,111474,111.474,0.2899999916553497,0.29,,,,,891.2498779296875,891.249878,2024-02-12 16:08:16.001492,2024-02-12 16:08:17,11.0,11.0,68.0,75.0,0.1599999964237213,0.16,,,,,,,230.8999938964844,230.899994,,,,
10.283330917358398,10.283331,Uticnice,Uticnice,111474,111.474,0.2899999916553497,0.29,,,,,891.2498779296875,891.249878,2024-02-12 16:08:18.000384,2024-02-12 16:08:19,11.0,11.0,75.0,75.0,0.1599999964237213,0.16,,,,,,,230.8999938964844,230.899994,,,,
10.283330917358398,10.283331,Uticnice,Uticnice,111474,111.474,0.2899999916553497,0.29,,,,,891.2498779296875,891.249878,2024-02-12 16:08:20.000427,2024-02-12 16:08:21,11.0,10.0,75.0,67.0,0.1599999964237213,0.16,,,,,,,230.8999938964844,230.600006,,,,
10.283330917358398,10.283331,Uticnice,Uticnice,111474,111.474,0.2899999916553497,0.29,,,,,891.2498779296875,891.249878,2024-02-12 16:08:22.000207,2024-02-12 16:08:23,10.0,10.0,67.0,67.0,0.1599999964237213,0.16,,,,,,,230.6000061035156,230.600006,,,,
10.283330917358398,10.283331,Uticnice,Uticnice,111474,111.474,0.2899999916553497,0.29,,,,,891.2498779296875,891.249878,2024-02-12 16:08:24.002127,2024-02-12 16:08:25,10.0,10.0,67.0,66.0,0.1599999964237213,0.16,,,,,,,230.6000061035156,230.5,,,,
10.283330917358398,10.266664,Uticnice,Uticnice,111474,111.474,0.2899999916553497,0.29,,,,,891.2498779296875,891.249878,2024-02-12 16:08:26.001547,2024-02-12 16:08:27,10.0,10.0,66.0,66.0,0.1599999964237213,0.16,,,,,,,230.5,230.5,,,,
10.266663551330566,10.266664,Uticnice,Uticnice,111474,111.474,0.2899999916553497,0.29,,,,,891.2498779296875,891.249878,2024-02-12 16:08:28.001562,2024-02-12 16:08:29,10.0,10.0,66.0,66.0,0.1599999964237213,0.16,,,,,,,230.5,230.5,,,,
10.266663551330566,10.266664,Uticnice,Uticnice,111474,111.474,0.2899999916553497,0.29,,,,,891.2498779296875,891.249878,2024-02-12 16:08:30.001243,2024-02-12 16:08:31,10.0,11.0,66.0,68.0,0.1599999964237213,0.15,,,,,,,230.5,230.5,,,,
10.266663551330566,10.266664,Uticnice,Uticnice,111474,111.474,0.2899999916553497,0.29,,,,,891.2498779296875,891.249878,2024-02-12 16:08:32.000519,2024-02-12 16:08:33,11.0,11.0,68.0,68.0,0.1500000059604644,0.15,,,,,,,230.5,230.5,,,,
10.266663551330566,10.266664,Uticnice,Uticnice,111474,111.474,0.2899999916553497,0.29,,,,,891.2498779296875,891.249878,2024-02-12 16:08:34.000140,2024-02-12 16:08:35,11.0,10.0,68.0,66.0,0.1500000059604644,0.15,,,,,,,230.5,230.600006,,,,
10.266663551330566,10.266664,Uticnice,Uticnice,111474,111.474,0.2899999916553497,0.29,,,,,891.2498779296875,891.249878,2024-02-12 16:08:36.001999,2024-02-12 16:08:37,11.0,10.0,68.0,66.0,0.1500000059604644,0.15,,,,,,,230.5,230.600006,,,,
10.266663551330566,10.266664,Uticnice,Uticnice,111474,111.474,0.2899999916553497,0.29,,,,,891.2498779296875,891.249878,2024-02-12 16:08:38.001587,2024-02-12 16:08:39,10.0,10.0,66.0,66.0,0.1500000059604644,0.15,,,,,,,230.6000061035156,230.600006,,,,
10.266663551330566,10.266664,Uticnice,Uticnice,111474,111.474,0.2899999916553497,0.29,,,,,891.2498779296875,891.249878,2024-02-12 16:08:40.001497,2024-02-12 16:08:41,10.0,11.0,66.0,67.0,0.1500000059604644,0.16,,,,,,,230.6000061035156,230.699997,,,,
10.266663551330566,,Uticnice,,111474,,0.2899999916553497,,,,,,891.2498779296875,,2024-02-12 16:08:42.001010,,11.0,,67.0,,0.1599999964237213,,,,,,,,230.6999969482422,,,,,
10.266663551330566,10.266664,Uticnice,Uticnice,111474,111.474,0.2899999916553497,0.29,,,,,891.2498779296875,891.249878,2024-02-12 16:08:44.000635,2024-02-12 16:08:44,11.0,11.0,67.0,67.0,0.1599999964237213,0.16,,,,,,,230.6999969482422,230.699997,,,,
10.266663551330566,10.266664,Uticnice,Uticnice,111474,111.474,0.2899999916553497,0.29,,,,,891.2498779296875,891.249878,2024-02-12 16:08:46.000618,2024-02-12 16:08:46,11.0,11.0,67.0,66.0,0.1599999964237213,0.15,,,,,,,230.6999969482422,230.600006,,,,
10.283330917358398,10.283331,Uticnice,Uticnice,111474,111.474,0.2899999916553497,0.29,,,,,891.2498779296875,891.249878,2024-02-12 16:08:48.001949,2024-02-12 16:08:48,11.0,11.0,66.0,66.0,0.1500000059604644,0.15,,,,,,,230.6000061035156,230.600006,,,,
10.283330917358398,10.283331,Uticnice,Uticnice,111474,111.474,0.2899999916553497,0.29,,,,,891.2498779296875,891.249878,2024-02-12 16:08:50.000263,2024-02-12 16:08:50,11.0,11.0,66.0,66.0,0.1500000059604644,0.15,,,,,,,230.6000061035156,230.600006,,,,
10.283330917358398,10.283331,Uticnice,Uticnice,111474,111.474,0.2899999916553497,0.29,,,,,891.2498779296875,891.249878,2024-02-12 16:08:52.000355,2024-02-12 16:08:52,10.0,10.0,67.0,67.0,0.1599999964237213,0.16,,,,,,,230.6000061035156,230.600006,,,,
10.283330917358398,10.283331,Uticnice,Uticnice,111474,111.474,0.2899999916553497,0.29,,,,,891.2498779296875,891.249878,2024-02-12 16:08:54.000742,2024-02-12 16:08:54,10.0,10.0,67.0,67.0,0.1599999964237213,0.16,,,,,,,230.6000061035156,230.600006,,,,
10.283330917358398,10.283331,Uticnice,Uticnice,111474,111.474,0.2899999916553497,0.29,,,,,891.2498779296875,891.249878,2024-02-12 16:08:56.000148,2024-02-12 16:08:56,10.0,10.0,67.0,66.0,0.1599999964237213,0.15,,,,,,,230.6000061035156,230.5,,,,
10.283330917358398,10.283331,Uticnice,Uticnice,111474,111.474,0.2899999916553497,0.29,,,,,891.2498779296875,891.249878,2024-02-12 16:08:58.000601,2024-02-12 16:08:58,10.0,10.0,66.0,66.0,0.1500000059604644,0.15,,,,,,,230.5,230.5,,,,
10.283330917358398,10.283331,Uticnice,Uticnice,111474,111.474,0.2899999916553497,0.29,,,,,891.2498779296875,891.249878,2024-02-12 16:09:00.001200,2024-02-12 16:09:00,10.0,10.0,66.0,66.0,0.1500000059604644,0.16,,,,,,,230.5,230.300003,,,,
10.283330917358398,10.283331,Uticnice,Uticnice,111474,111.474,0.2899999916553497,0.29,,,,,891.2498779296875,891.249878,2024-02-12 16:09:02.001567,2024-02-12 16:09:02,10.0,10.0,65.0,65.0,0.1599999964237213,0.16,,,,,,,230.3000030517578,230.300003,,,,
10.283330917358398,10.283331,Uticnice,Uticnice,111474,111.474,0.2899999916553497,0.29,,,,,891.2498779296875,891.249878,2024-02-12 16:09:04.002168,2024-02-12 16:09:04,10.0,10.0,65.0,65.0,0.1599999964237213,0.16,,,,,,,230.3000030517578,230.300003,,,,
10.283330917358398,10.283331,Uticnice,Uticnice,111474,111.474,0.2899999916553497,0.3,,,,,891.2498779296875,891.249878,2024-02-12 16:09:06.000991,2024-02-12 16:09:06,10.0,10.0,65.0,69.0,0.1599999964237213,0.16,,,,,,,230.3000030517578,230.399994,,,,
10.283330917358398,10.283331,Uticnice,Uticnice,111474,111.474,0.3000000119209289,0.3,,,,,891.2498779296875,891.249878,2024-02-12 16:09:08.001985,2024-02-12 16:09:08,10.0,10.0,69.0,69.0,0.1599999964237213,0.16,,,,,,,230.3999938964844,230.399994,,,,
10.283330917358398,10.283331,Uticnice,Uticnice,111474,111.474,0.3000000119209289,0.29,,,,,891.2498779296875,891.249878,2024-02-12 16:09:10.011297,2024-02-12 16:09:11,10.0,10.0,69.0,66.0,0.1599999964237213,0.15,,,,,,,230.3999938964844,230.300003,,,,
10.283330917358398,10.283331,Uticnice,Uticnice,111474,111.474,0.2899999916553497,0.29,,,,,891.2498779296875,891.249878,2024-02-12 16:09:12.002801,2024-02-12 16:09:13,10.0,10.0,66.0,66.0,0.1500000059604644,0.15,,,,,,,230.3000030517578,230.300003,,,,
10.283330917358398,10.283331,Uticnice,Uticnice,111474,111.474,0.2899999916553497,0.29,,,,,891.2498779296875,891.249878,2024-02-12 16:09:14.014966,2024-02-12 16:09:15,10.0,10.0,66.0,66.0,0.1500000059604644,0.15,,,,,,,230.3000030517578,230.300003,,,,
10.283330917358398,10.283331,Uticnice,Uticnice,111474,111.474,0.2899999916553497,0.29,,,,,891.2498779296875,891.249878,2024-02-12 16:09:16.012686,2024-02-12 16:09:17,10.0,11.0,66.0,70.0,0.1500000059604644,0.16,,,,,,,230.3000030517578,230.300003,,,,
10.283330917358398,10.283331,Uticnice,Uticnice,111474,111.474,0.2899999916553497,0.29,,,,,891.2498779296875,891.249878,2024-02-12 16:09:18.002687,2024-02-12 16:09:19,11.0,11.0,70.0,70.0,0.1599999964237213,0.16,,,,,,,230.3000030517578,230.300003,,,,
10.283330917358398,10.283331,Uticnice,Uticnice,111474,111.474,0.2899999916553497,0.3,,,,,891.2498779296875,891.249878,2024-02-12 16:09:20.013081,2024-02-12 16:09:21,11.0,11.0,70.0,77.0,0.1599999964237213,0.15,,,,,,,230.3000030517578,230.399994,,,,
10.283330917358398,10.283331,Uticnice,Uticnice,111474,111.474,0.3000000119209289,0.3,,,,,891.2498779296875,891.249878,2024-02-12 16:09:22.011698,2024-02-12 16:09:23,11.0,11.0,77.0,77.0,0.1500000059604644,0.15,,,,,,,230.3999938964844,230.399994,,,,
10.283330917358398,10.283331,Uticnice,Uticnice,111474,111.474,0.3000000119209289,0.3,,,,,891.2498779296875,891.249878,2024-02-12 16:09:24.015243,2024-02-12 16:09:25,11.0,11.0,77.0,77.0,0.1500000059604644,0.15,,,,,,,230.3999938964844,230.399994,,,,
10.283330917358398,10.283331,Uticnice,Uticnice,111474,111.474,0.3000000119209289,0.3,,,,,891.2498779296875,891.249878,2024-02-12 16:09:26.004193,2024-02-12 16:09:27,11.0,11.0,77.0,67.0,0.1500000059604644,0.15,,,,,,,230.5,230.5,,,,
10.283330917358398,10.299996,Uticnice,Uticnice,111474,111.474,0.3000000119209289,0.3,,,,,891.2498779296875,891.249878,2024-02-12 16:09:28.007920,2024-02-12 16:09:29,11.0,11.0,67.0,67.0,0.1500000059604644,0.15,,,,,,,230.5,230.5,,,,
10.299996376037598,10.299996,Uticnice,Uticnice,111474,111.474,0.3000000119209289,0.28,,,,,891.2498779296875,891.249878,2024-02-12 16:09:30.002792,2024-02-12 16:09:31,11.0,10.0,67.0,65.0,0.1500000059604644,0.16,,,,,,,230.5,230.399994,,,,
10.299996376037598,10.299996,Uticnice,Uticnice,111474,111.474,0.2800000011920929,0.28,,,,,891.2498779296875,891.249878,2024-02-12 16:09:32.001146,2024-02-12 16:09:33,10.0,10.0,65.0,65.0,0.1599999964237213,0.16,,,,,,,230.3999938964844,230.399994,,,,
10.299996376037598,10.299996,Uticnice,Uticnice,111474,111.474,0.2800000011920929,0.29,,,,,891.2498779296875,891.249878,2024-02-12 16:09:34.001198,2024-02-12 16:09:35,10.0,11.0,65.0,72.0,0.1599999964237213,0.16,,,,,,,230.3999938964844,230.100006,,,,
10.299996376037598,10.299996,Uticnice,Uticnice,111474,111.474,0.2899999916553497,0.29,,,,,891.2498779296875,891.249878,2024-02-12 16:09:36.001019,2024-02-12 16:09:37,11.0,11.0,72.0,72.0,0.1599999964237213,0.16,,,,,,,230.1000061035156,230.100006,,,,
10.299996376037598,10.316664,Uticnice,Uticnice,111474,111.474,0.2899999916553497,0.29,,,,,891.2498779296875,891.249878,2024-02-12 16:09:38.001118,2024-02-12 16:09:39,11.0,11.0,72.0,72.0,0.1599999964237213,0.16,,,,,,,230.1000061035156,230.100006,,,,
10.31666374206543,10.316664,Uticnice,Uticnice,111474,111.474,0.2899999916553497,0.3,,,,,891.2498779296875,891.249878,2024-02-12 16:09:40.000972,2024-02-12 16:09:41,11.0,11.0,72.0,67.0,0.1599999964237213,0.15,,,,,,,230.1000061035156,230.300003,,,,
10.31666374206543,10.316664,Uticnice,Uticnice,111474,111.474,0.3000000119209289,0.3,,,,,891.2498779296875,891.249878,2024-02-12 16:09:42.002302,2024-02-12 16:09:43,11.0,11.0,67.0,67.0,0.1500000059604644,0.15,,,,,,,230.3000030517578,230.300003,,,,
10.31666374206543,10.316664,Uticnice,Uticnice,111474,111.474,0.3000000119209289,0.29,,,,,891.2498779296875,891.249878,2024-02-12 16:09:44.001826,2024-02-12 16:09:45,11.0,10.0,67.0,65.0,0.1500000059604644,0.16,,,,,,,230.3000030517578,230.600006,,,,
10.31666374206543,10.316664,Uticnice,Uticnice,111474,111.474,0.3000000119209289,0.29,,,,,891.2498779296875,891.249878,2024-02-12 16:09:46.001469,2024-02-12 16:09:47,11.0,10.0,67.0,65.0,0.1500000059604644,0.16,,,,,,,230.3000030517578,230.600006,,,,
10.31666374206543,10.316664,Uticnice,Uticnice,111474,111.474,0.2899999916553497,0.29,,,,,891.2498779296875,891.249878,2024-02-12 16:09:48.001162,2024-02-12 16:09:49,10.0,10.0,65.0,65.0,0.1599999964237213,0.16,,,,,,,230.6000061035156,230.600006,,,,
10.31666374206543,10.316664,Uticnice,Uticnice,111474,111.474,0.2899999916553497,0.28,,,,,891.2498779296875,891.249878,2024-02-12 16:09:50.000329,2024-02-12 16:09:51,10.0,11.0,65.0,72.0,0.1599999964237213,0.16,,,,,,,230.6000061035156,230.699997,,,,
10.31666374206543,,Uticnice,,111474,,0.2800000011920929,,,,,,891.2498779296875,,2024-02-12 16:09:52.000628,,11.0,,72.0,,0.1599999964237213,,,,,,,,230.6999969482422,,,,,
10.31666374206543,10.316664,Uticnice,Uticnice,111474,111.474,0.2800000011920929,0.28,,,,,891.2498779296875,891.249878,2024-02-12 16:09:54.000515,2024-02-12 16:09:54,11.0,11.0,72.0,72.0,0.1599999964237213,0.16,,,,,,,230.6999969482422,230.699997,,,,
10.31666374206543,10.316664,Uticnice,Uticnice,111474,111.474,0.2800000011920929,0.3,,,,,891.2498779296875,891.249878,2024-02-12 16:09:56.000207,2024-02-12 16:09:56,11.0,10.0,72.0,71.0,0.1599999964237213,0.15,,,,,,,230.6999969482422,230.699997,,,,
10.31666374206543,10.316664,Uticnice,Uticnice,111474,111.474,0.3000000119209289,0.3,,,,,891.2498779296875,891.249878,2024-02-12 16:09:58.001472,2024-02-12 16:09:58,10.0,10.0,71.0,71.0,0.1500000059604644,0.15,,,,,,,230.6999969482422,230.699997,,,,
