time_dev,time_prod,column,value_dev,value_prod,diff
2024-02-12 16:00:00.001248,2024-02-12 16:00:01,energy,132807.0,132.807,132674.193
2024-02-12 16:00:00.001248,2024-02-12 16:00:01,maximum_demand_total_active_power,1511.2498779296875,1511.249878,7.03125806467142e-08
2024-02-12 16:00:02.001569,2024-02-12 16:00:03,energy,132807.0,132.807,132674.193
2024-02-12 16:00:02.001569,2024-02-12 16:00:03,maximum_demand_total_active_power,1511.2498779296875,1511.249878,7.03125806467142e-08
2024-02-12 16:00:04.000326,2024-02-12 16:00:05,energy,132807.0,132.807,132674.193
2024-02-12 16:00:04.000326,2024-02-12 16:00:05,maximum_demand_total_active_power,1511.2498779296875,1511.249878,7.03125806467142e-08
2024-02-12 16:00:06.001488,2024-02-12 16:00:07,energy,132807.0,132.807,132674.193
2024-02-12 16:00:06.001488,2024-02-12 16:00:07,maximum_demand_total_active_power,1511.2498779296875,1511.249878,7.03125806467142e-08
2024-02-12 16:00:08.000475,2024-02-12 16:00:09,energy,132807.0,132.807,132674.193
2024-02-12 16:00:08.000475,2024-02-12 16:00:09,maximum_demand_total_active_power,1511.2498779296875,1511.249878,7.03125806467142e-08
2024-02-12 16:00:08.000475,2024-02-12 16:00:09,v1,231.5,231.699997,0.1999969999999962
2024-02-12 16:00:10.001661,2024-02-12 16:00:11,energy,132807.0,132.807,132674.193
2024-02-12 16:00:10.001661,2024-02-12 16:00:11,maximum_demand_total_active_power,1511.2498779296875,1511.249878,7.03125806467142e-08
2024-02-12 16:00:10.001661,2024-02-12 16:00:11,v1,231.6999969482422,231.699997,5.1757808705588104e-08
2024-02-12 16:00:12.000238,2024-02-12 16:00:13,energy,132807.0,132.807,132674.193
2024-02-12 16:00:12.000238,2024-02-12 16:00:13,maximum_demand_total_active_power,1511.2498779296875,1511.249878,7.03125806467142e-08
2024-02-12 16:00:12.000238,2024-02-12 16:00:13,v1,231.6999969482422,231.699997,5.1757808705588104e-08
2024-02-12 16:00:14.000292,2024-02-12 16:00:15,energy,132807.0,132.807,132674.193
2024-02-12 16:00:14.000292,2024-02-12 16:00:15,maximum_demand_total_active_power,1511.2498779296875,1511.249878,7.03125806467142e-08
2024-02-12 16:00:14.000292,2024-02-12 16:00:15,v1,231.6999969482422,231.699997,5.1757808705588104e-08
2024-02-12 16:00:16.000238,2024-02-12 16:00:17,energy,132807.0,132.807,132674.193
2024-02-12 16:00:16.000238,2024-02-12 16:00:17,maximum_demand_total_active_power,1511.2498779296875,1511.249878,7.03125806467142e-08
2024-02-12 16:00:16.000238,2024-02-12 16:00:17,v1,231.6999969482422,231.699997,5.1757808705588104e-08
2024-02-12 16:00:18.000391,2024-02-12 16:00:19,energy,132807.0,132.807,132674.193
2024-02-12 16:00:18.000391,2024-02-12 16:00:19,maximum_demand_total_active_power,1511.2498779296875,1511.249878,7.03125806467142e-08
2024-02-12 16:00:18.000391,2024-02-12 16:00:19,v1,231.6999969482422,231.600006,0.09999094824217991
2024-02-12 16:00:20.001035,2024-02-12 16:00:21,energy,132807.0,132.807,132674.193
2024-02-12 16:00:20.001035,2024-02-12 16:00:21,maximum_demand_total_active_power,1511.2498779296875,1511.249878,7.03125806467142e-08
2024-02-12 16:00:20.001035,2024-02-12 16:00:21,v1,231.6000061035156,231.600006,1.0351558898946678e-07
2024-02-12 16:00:22.001294,,energy,132807.0,,
2024-02-12 16:00:22.001294,,total_active_power,0.0,,
2024-02-12 16:00:22.001294,,demand_total_active_power,0.0,,
2024-02-12 16:00:22.001294,,maximum_demand_total_active_power,1511.2498779296875,,
2024-02-12 16:00:22.001294,,i1,0.0,,
2024-02-12 16:00:22.001294,,v1,231.6000061035156,,
2024-02-12 16:00:22.001294,,total_apparent_power,0.0,,
2024-02-12 16:00:24.000920,2024-02-12 16:00:24,energy,132807.0,132.807,132674.193
2024-02-12 16:00:24.000920,2024-02-12 16:00:24,maximum_demand_total_active_power,1511.2498779296875,1511.249878,7.03125806467142e-08
2024-02-12 16:00:24.000920,2024-02-12 16:00:24,v1,231.6000061035156,231.600006,1.0351558898946678e-07
2024-02-12 16:00:26.001037,2024-02-12 16:00:26,energy,132807.0,132.807,132674.193
2024-02-12 16:00:26.001037,2024-02-12 16:00:26,maximum_demand_total_active_power,1511.2498779296875,1511.249878,7.03125806467142e-08
2024-02-12 16:00:26.001037,2024-02-12 16:00:26,v1,231.6000061035156,231.600006,1.0351558898946678e-07
2024-02-12 16:00:28.000624,2024-02-12 16:00:28,energy,132807.0,132.807,132674.193
2024-02-12 16:00:28.000624,2024-02-12 16:00:28,maximum_demand_total_active_power,1511.2498779296875,1511.249878,7.03125806467142e-08
2024-02-12 16:00:28.000624,2024-02-12 16:00:28,v1,231.6000061035156,231.600006,1.0351558898946678e-07
2024-02-12 16:00:30.001035,2024-02-12 16:00:30,energy,132807.0,132.807,132674.193
2024-02-12 16:00:30.001035,2024-02-12 16:00:30,maximum_demand_total_active_power,1511.2498779296875,1511.249878,7.03125806467142e-08
2024-02-12 16:00:30.001035,2024-02-12 16:00:30,v1,231.6999969482422,231.699997,5.1757808705588104e-08
2024-02-12 16:00:32.001348,2024-02-12 16:00:32,energy,132807.0,132.807,132674.193
2024-02-12 16:00:32.001348,2024-02-12 16:00:32,maximum_demand_total_active_power,1511.2498779296875,1511.249878,7.03125806467142e-08
2024-02-12 16:00:32.001348,2024-02-12 16:00:32,v1,231.6999969482422,231.699997,5.1757808705588104e-08
2024-02-12 16:00:34.000822,2024-02-12 16:00:34,energy,132807.0,132.807,132674.193
2024-02-12 16:00:34.000822,2024-02-12 16:00:34,maximum_demand_total_active_power,1511.2498779296875,1511.249878,7.03125806467142e-08
2024-02-12 16:00:34.000822,2024-02-12 16:00:34,v1,231.6999969482422,231.899994,0.1999970517578049
2024-02-12 16:00:36.002189,2024-02-12 16:00:36,energy,132807.0,132.807,132674.193
2024-02-12 16:00:36.002189,2024-02-12 16:00:36,maximum_demand_total_active_power,1511.2498779296875,1511.249878,7.03125806467142e-08
2024-02-12 16:00:36.002189,2024-02-12 16:00:36,v1,231.8999938964844,231.899994,1.0351558898946678e-07
2024-02-12 16:00:38.002048,2024-02-12 16:00:38,energy,132807.0,132.807,132674.193
2024-02-12 16:00:38.002048,2024-02-12 16:00:38,maximum_demand_total_active_power,1511.2498779296875,1511.249878,7.03125806467142e-08
2024-02-12 16:00:38.002048,2024-02-12 16:00:38,v1,231.8999938964844,231.899994,1.0351558898946678e-07
2024-02-12 16:00:40.000592,2024-02-12 16:00:40,energy,132807.0,132.807,132674.193
2024-02-12 16:00:40.000592,2024-02-12 16:00:40,maximum_demand_total_active_power,1511.2498779296875,1511.249878,7.03125806467142e-08
2024-02-12 16:00:40.000592,2024-02-12 16:00:40,v1,231.8999938964844,231.899994,1.0351558898946678e-07
2024-02-12 16:00:42.001818,2024-02-12 16:00:42,energy,132807.0,132.807,132674.193
2024-02-12 16:00:42.001818,2024-02-12 16:00:42,maximum_demand_total_active_power,1511.2498779296875,1511.249878,7.03125806467142e-08
2024-02-12 16:00:42.001818,2024-02-12 16:00:42,v1,231.8999938964844,231.899994,1.0351558898946678e-07
2024-02-12 16:00:44.000604,2024-02-12 16:00:44,energy,132807.0,132.807,132674.193
2024-02-12 16:00:44.000604,2024-02-12 16:00:44,maximum_demand_total_active_power,1511.2498779296875,1511.249878,7.03125806467142e-08
2024-02-12 16:00:44.000604,2024-02-12 16:00:44,v1,231.8999938964844,231.899994,1.0351558898946678e-07
2024-02-12 16:00:46.002319,2024-02-12 16:00:46,energy,132807.0,132.807,132674.193
2024-02-12 16:00:46.002319,2024-02-12 16:00:46,maximum_demand_total_active_power,1511.2498779296875,1511.249878,7.03125806467142e-08
2024-02-12 16:00:46.002319,2024-02-12 16:00:46,v1,231.8999938964844,231.899994,1.0351558898946678e-07
2024-02-12 16:00:48.000037,2024-02-12 16:00:48,energy,132807.0,132.807,132674.193
2024-02-12 16:00:48.000037,2024-02-12 16:00:48,maximum_demand_total_active_power,1511.2498779296875,1511.249878,7.03125806467142e-08
2024-02-12 16:00:48.000037,2024-02-12 16:00:48,v1,231.8999938964844,231.800003,0.09999089648439963
2024-02-12 16:00:50.000928,2024-02-12 16:00:51,energy,132807.0,132.807,132674.193
2024-02-12 16:00:50.000928,2024-02-12 16:00:51,maximum_demand_total_active_power,1511.2498779296875,1511.249878,7.03125806467142e-08
2024-02-12 16:00:50.000928,2024-02-12 16:00:51,v1,231.8000030517578,231.800003,5.1757808705588104e-08
2024-02-12 16:00:52.000630,2024-02-12 16:00:53,energy,132807.0,132.807,132674.193
2024-02-12 16:00:52.000630,2024-02-12 16:00:53,maximum_demand_total_active_power,1511.2498779296875,1511.249878,7.03125806467142e-08
2024-02-12 16:00:52.000630,2024-02-12 16:00:53,v1,231.8000030517578,231.800003,5.1757808705588104e-08
2024-02-12 16:00:54.000458,2024-02-12 16:00:55,energy,132807.0,132.807,132674.193
2024-02-12 16:00:54.000458,2024-02-12 16:00:55,maximum_demand_total_active_power,1511.2498779296875,1511.249878,7.03125806467142e-08
2024-02-12 16:00:54.000458,2024-02-12 16:00:55,v1,231.8000030517578,231.800003,5.1757808705588104e-08
2024-02-12 16:00:56.000259,2024-02-12 16:00:57,energy,132807.0,132.807,132674.193
2024-02-12 16:00:56.000259,2024-02-12 16:00:57,maximum_demand_total_active_power,1511.2498779296875,1511.249878,7.03125806467142e-08
2024-02-12 16:00:56.000259,2024-02-12 16:00:57,v1,231.8000030517578,231.800003,5.1757808705588104e-08
2024-02-12 16:00:58.000420,2024-02-12 16:00:59,energy,132807.0,132.807,132674.193
2024-02-12 16:00:58.000420,2024-02-12 16:00:59,maximum_demand_total_active_power,1511.2498779296875,1511.249878,7.03125806467142e-08
2024-02-12 16:00:58.000420,2024-02-12 16:00:59,v1,231.8000030517578,231.800003,5.1757808705588104e-08
2024-02-12 16:01:00.000126,2024-02-12 16:01:01,energy,132807.0,132.807,132674.193
2024-02-12 16:01:00.000126,2024-02-12 16:01:01,maximum_demand_total_active_power,1511.2498779296875,1511.249878,7.03125806467142e-08
2024-02-12 16:01:00.000126,2024-02-12 16:01:01,v1,231.8000030517578,231.800003,5.1757808705588104e-08
2024-02-12 16:01:02.000537,2024-02-12 16:01:03,energy,132807.0,132.807,132674.193
2024-02-12 16:01:02.000537,2024-02-12 16:01:03,maximum_demand_total_active_power,1511.2498779296875,1511.249878,7.03125806467142e-08
2024-02-12 16:01:02.000537,2024-02-12 16:01:03,v1,231.8000030517578,231.800003,5.1757808705588104e-08
2024-02-12 16:01:04.002108,2024-02-12 16:01:05,energy,132807.0,132.807,132674.193
2024-02-12 16:01:04.002108,2024-02-12 16:01:05,maximum_demand_total_active_power,1511.2498779296875,1511.249878,7.03125806467142e-08
2024-02-12 16:01:04.002108,2024-02-12 16:01:05,v1,231.8000030517578,232.0,0.1999969482421875
2024-02-12 16:01:06.002082,2024-02-12 16:01:07,energy,132807.0,132.807,132674.193
2024-02-12 16:01:06.002082,2024-02-12 16:01:07,maximum_demand_total_active_power,1511.2498779296875,1511.249878,7.03125806467142e-08
2024-02-12 16:01:08.002102,2024-02-12 16:01:09,energy,132807.0,132.807,132674.193
2024-02-12 16:01:08.002102,2024-02-12 16:01:09,maximum_demand_total_active_power,1511.2498779296875,1511.249878,7.03125806467142e-08
2024-02-12 16:01:08.002102,2024-02-12 16:01:09,v1,232.0,232.100006,0.10000600000000759
2024-02-12 16:01:10.000470,2024-02-12 16:01:11,energy,132807.0,132.807,132674.193
2024-02-12 16:01:10.000470,2024-02-12 16:01:11,maximum_demand_total_active_power,1511.2498779296875,1511.249878,7.03125806467142e-08
2024-02-12 16:01:10.000470,2024-02-12 16:01:11,v1,232.1000061035156,232.100006,1.0351558898946678e-07
2024-02-12 16:01:12.000637,2024-02-12 16:01:13,energy,132807.0,132.807,132674.193
2024-02-12 16:01:12.000637,2024-02-12 16:01:13,maximum_demand_total_active_power,1511.2498779296875,1511.249878,7.03125806467142e-08
2024-02-12 16:01:12.000637,2024-02-12 16:01:13,v1,232.1000061035156,232.100006,1.0351558898946678e-07
2024-02-12 16:01:14.000982,2024-02-12 16:01:15,energy,132807.0,132.807,132674.193
2024-02-12 16:01:14.000982,2024-02-12 16:01:15,maximum_demand_total_active_power,1511.2498779296875,1511.249878,7.03125806467142e-08
2024-02-12 16:01:14.000982,2024-02-12 16:01:15,v1,232.1000061035156,232.100006,1.0351558898946678e-07
2024-02-12 16:01:16.000468,2024-02-12 16:01:17,energy,132807.0,132.807,132674.193
2024-02-12 16:01:16.000468,2024-02-12 16:01:17,maximum_demand_total_active_power,1511.2498779296875,1511.249878,7.03125806467142e-08
2024-02-12 16:01:16.000468,2024-02-12 16:01:17,v1,232.1000061035156,232.100006,1.0351558898946678e-07
2024-02-12 16:01:18.002090,2024-02-12 16:01:19,energy,132807.0,132.807,132674.193
2024-02-12 16:01:18.002090,2024-02-12 16:01:19,maximum_demand_total_active_power,1511.2498779296875,1511.249878,7.03125806467142e-08
2024-02-12 16:01:18.002090,2024-02-12 16:01:19,v1,232.1000061035156,232.0,0.10000610351559658
2024-02-12 16:01:20.001025,2024-02-12 16:01:21,energy,132807.0,132.807,132674.193
2024-02-12 16:01:20.001025,2024-02-12 16:01:21,maximum_demand_total_active_power,1511.2498779296875,1511.249878,7.03125806467142e-08
2024-02-12 16:01:22.002026,2024-02-12 16:01:23,energy,132807.0,132.807,132674.193
2024-02-12 16:01:22.002026,2024-02-12 16:01:23,maximum_demand_total_active_power,1511.2498779296875,1511.249878,7.03125806467142e-08
2024-02-12 16:01:22.002026,2024-02-12 16:01:23,v1,232.0,231.399994,0.6000060000000076
2024-02-12 16:01:24.000243,2024-02-12 16:01:25,energy,132807.0,132.807,132674.193
2024-02-12 16:01:24.000243,2024-02-12 16:01:25,maximum_demand_total_active_power,1511.2498779296875,1511.249878,7.03125806467142e-08
2024-02-12 16:01:24.000243,2024-02-12 16:01:25,v1,232.0,231.399994,0.6000060000000076
2024-02-12 16:01:26.000317,2024-02-12 16:01:27,energy,132807.0,132.807,132674.193
2024-02-12 16:01:26.000317,2024-02-12 16:01:27,maximum_demand_total_active_power,1511.2498779296875,1511.249878,7.03125806467142e-08
2024-02-12 16:01:26.000317,2024-02-12 16:01:27,v1,231.3999938964844,231.399994,1.0351558898946678e-07
2024-02-12 16:01:28.000343,2024-02-12 16:01:29,energy,132807.0,132.807,132674.193
2024-02-12 16:01:28.000343,2024-02-12 16:01:29,maximum_demand_total_active_power,1511.2498779296875,1511.249878,7.03125806467142e-08
2024-02-12 16:01:28.000343,2024-02-12 16:01:29,v1,231.3999938964844,231.300003,0.09999089648439963
2024-02-12 16:01:30.000438,2024-02-12 16:01:31,energy,132807.0,132.807,132674.193
2024-02-12 16:01:30.000438,2024-02-12 16:01:31,maximum_demand_total_active_power,1511.2498779296875,1511.249878,7.03125806467142e-08
2024-02-12 16:01:30.000438,2024-02-12 16:01:31,v1,231.3000030517578,231.300003,5.1757808705588104e-08
2024-02-12 16:01:32.000635,,energy,132807.0,,
2024-02-12 16:01:32.000635,,total_active_power,0.0,,
2024-02-12 16:01:32.000635,,demand_total_active_power,0.0,,
2024-02-12 16:01:32.000635,,maximum_demand_total_active_power,1511.2498779296875,,
2024-02-12 16:01:32.000635,,i1,0.0,,
2024-02-12 16:01:32.000635,,v1,231.3000030517578,,
2024-02-12 16:01:32.000635,,total_apparent_power,0.0,,
2024-02-12 16:01:34.000513,2024-02-12 16:01:34,energy,132807.0,132.807,132674.193
2024-02-12 16:01:34.000513,2024-02-12 16:01:34,maximum_demand_total_active_power,1511.2498779296875,1511.249878,7.03125806467142e-08
2024-02-12 16:01:34.000513,2024-02-12 16:01:34,v1,231.3000030517578,231.5,0.1999969482421875
2024-02-12 16:01:36.001481,2024-02-12 16:01:36,energy,132807.0,132.807,132674.193
2024-02-12 16:01:36.001481,2024-02-12 16:01:36,maximum_demand_total_active_power,1511.2498779296875,1511.249878,7.03125806467142e-08
2024-02-12 16:01:38.002209,2024-02-12 16:01:38,energy,132807.0,132.807,132674.193
2024-02-12 16:01:38.002209,2024-02-12 16:01:38,maximum_demand_total_active_power,1511.2498779296875,1511.249878,7.03125806467142e-08
2024-02-12 16:01:40.000852,2024-02-12 16:01:40,energy,132807.0,132.807,132674.193
2024-02-12 16:01:40.000852,2024-02-12 16:01:40,maximum_demand_total_active_power,1511.2498779296875,1511.249878,7.03125806467142e-08
2024-02-12 16:01:40.000852,2024-02-12 16:01:40,v1,231.3999938964844,231.399994,1.0351558898946678e-07
2024-02-12 16:01:42.000144,2024-02-12 16:01:42,energy,132807.0,132.807,132674.193
2024-02-12 16:01:42.000144,2024-02-12 16:01:42,maximum_demand_total_active_power,1511.2498779296875,1511.249878,7.03125806467142e-08
2024-02-12 16:01:42.000144,2024-02-12 16:01:42,v1,231.3999938964844,231.399994,1.0351558898946678e-07
2024-02-12 16:01:44.000235,2024-02-12 16:01:44,energy,132807.0,132.807,132674.193
2024-02-12 16:01:44.000235,2024-02-12 16:01:44,maximum_demand_total_active_power,1511.2498779296875,1511.249878,7.03125806467142e-08
2024-02-12 16:01:44.000235,2024-02-12 16:01:44,v1,231.3999938964844,231.100006,0.29998789648439583
2024-02-12 16:01:46.000853,2024-02-12 16:01:46,energy,132807.0,132.807,132674.193
2024-02-12 16:01:46.000853,2024-02-12 16:01:46,maximum_demand_total_active_power,1511.2498779296875,1511.249878,7.03125806467142e-08
2024-02-12 16:01:46.000853,2024-02-12 16:01:46,v1,231.1000061035156,231.100006,1.0351558898946678e-07
2024-02-12 16:01:48.000800,2024-02-12 16:01:48,energy,132807.0,132.807,132674.193
2024-02-12 16:01:48.000800,2024-02-12 16:01:48,maximum_demand_total_active_power,1511.2498779296875,1511.249878,7.03125806467142e-08
2024-02-12 16:01:48.000800,2024-02-12 16:01:48,v1,231.1000061035156,231.100006,1.0351558898946678e-07
2024-02-12 16:01:50.002137,2024-02-12 16:01:50,energy,132807.0,132.807,132674.193
2024-02-12 16:01:50.002137,2024-02-12 16:01:50,maximum_demand_total_active_power,1511.2498779296875,1511.249878,7.03125806467142e-08
2024-02-12 16:01:50.002137,2024-02-12 16:01:50,v1,231.3000030517578,231.300003,5.1757808705588104e-08
2024-02-12 16:01:52.000647,2024-02-12 16:01:52,energy,132807.0,132.807,132674.193
2024-02-12 16:01:52.000647,2024-02-12 16:01:52,maximum_demand_total_active_power,1511.2498779296875,1511.249878,7.03125806467142e-08
2024-02-12 16:01:52.000647,2024-02-12 16:01:52,v1,231.3000030517578,231.300003,5.1757808705588104e-08
2024-02-12 16:01:54.000877,2024-02-12 16:01:54,energy,132807.0,132.807,132674.193
2024-02-12 16:01:54.000877,2024-02-12 16:01:54,maximum_demand_total_active_power,1511.2498779296875,1511.249878,7.03125806467142e-08
2024-02-12 16:01:54.000877,2024-02-12 16:01:54,v1,231.3000030517578,231.399994,0.09999094824217991
2024-02-12 16:01:56.002016,2024-02-12 16:01:56,energy,132807.0,132.807,132674.193
2024-02-12 16:01:56.002016,2024-02-12 16:01:56,maximum_demand_total_active_power,1511.2498779296875,1511.249878,7.03125806467142e-08
2024-02-12 16:01:56.002016,2024-02-12 16:01:56,v1,231.3999938964844,231.399994,1.0351558898946678e-07
2024-02-12 16:01:58.000658,2024-02-12 16:01:59,energy,132807.0,132.807,132674.193
2024-02-12 16:01:58.000658,2024-02-12 16:01:59,maximum_demand_total_active_power,1511.2498779296875,1511.249878,7.03125806467142e-08
2024-02-12 16:01:58.000658,2024-02-12 16:01:59,v1,231.3999938964844,231.399994,1.0351558898946678e-07
2024-02-12 16:02:00.001595,2024-02-12 16:02:01,energy,132807.0,132.807,132674.193
2024-02-12 16:02:00.001595,2024-02-12 16:02:01,maximum_demand_total_active_power,1511.2498779296875,1511.249878,7.03125806467142e-08
2024-02-12 16:02:00.001595,2024-02-12 16:02:01,v1,231.3999938964844,231.399994,1.0351558898946678e-07
2024-02-12 16:02:02.000313,2024-02-12 16:02:03,energy,132807.0,132.807,132674.193
2024-02-12 16:02:02.000313,2024-02-12 16:02:03,maximum_demand_total_active_power,1511.2498779296875,1511.249878,7.03125806467142e-08
2024-02-12 16:02:02.000313,2024-02-12 16:02:03,v1,231.3999938964844,231.399994,1.0351558898946678e-07
2024-02-12 16:02:04.000149,2024-02-12 16:02:05,energy,132807.0,132.807,132674.193
2024-02-12 16:02:04.000149,2024-02-12 16:02:05,maximum_demand_total_active_power,1511.2498779296875,1511.249878,7.03125806467142e-08
2024-02-12 16:02:04.000149,2024-02-12 16:02:05,v1,231.3999938964844,231.600006,0.20001210351560417
2024-02-12 16:02:06.001332,2024-02-12 16:02:07,energy,132807.0,132.807,132674.193
2024-02-12 16:02:06.001332,2024-02-12 16:02:07,maximum_demand_total_active_power,1511.2498779296875,1511.249878,7.03125806467142e-08
2024-02-12 16:02:06.001332,2024-02-12 16:02:07,v1,231.6000061035156,231.600006,1.0351558898946678e-07
2024-02-12 16:02:08.000453,2024-02-12 16:02:09,energy,132807.0,132.807,132674.193
2024-02-12 16:02:08.000453,2024-02-12 16:02:09,maximum_demand_total_active_power,1511.2498779296875,1511.249878,7.03125806467142e-08
2024-02-12 16:02:08.000453,2024-02-12 16:02:09,v1,231.6000061035156,232.199997,0.5999908964843996
2024-02-12 16:02:10.000578,2024-02-12 16:02:11,energy,132807.0,132.807,132674.193
2024-02-12 16:02:10.000578,2024-02-12 16:02:11,maximum_demand_total_active_power,1511.2498779296875,1511.249878,7.03125806467142e-08
2024-02-12 16:02:10.000578,2024-02-12 16:02:11,v1,232.1999969482422,232.199997,5.1757808705588104e-08
2024-02-12 16:02:12.000077,2024-02-12 16:02:13,energy,132807.0,132.807,132674.193
2024-02-12 16:02:12.000077,2024-02-12 16:02:13,maximum_demand_total_active_power,1511.2498779296875,1511.249878,7.03125806467142e-08
2024-02-12 16:02:12.000077,2024-02-12 16:02:13,v1,232.1999969482422,232.199997,5.1757808705588104e-08
2024-02-12 16:02:14.000892,2024-02-12 16:02:15,energy,132807.0,132.807,132674.193
2024-02-12 16:02:14.000892,2024-02-12 16:02:15,maximum_demand_total_active_power,1511.2498779296875,1511.249878,7.03125806467142e-08
2024-02-12 16:02:14.000892,2024-02-12 16:02:15,v1,232.1999969482422,232.300003,0.1000060517578163
2024-02-12 16:02:16.001207,2024-02-12 16:02:17,energy,132807.0,132.807,132674.193
2024-02-12 16:02:16.001207,2024-02-12 16:02:17,maximum_demand_total_active_power,1511.2498779296875,1511.249878,7.03125806467142e-08
2024-02-12 16:02:16.001207,2024-02-12 16:02:17,v1,232.3000030517578,232.300003,5.1757808705588104e-08
2024-02-12 16:02:18.001319,2024-02-12 16:02:19,energy,132807.0,132.807,132674.193
2024-02-12 16:02:18.001319,2024-02-12 16:02:19,maximum_demand_total_active_power,1511.2498779296875,1511.249878,7.03125806467142e-08
2024-02-12 16:02:18.001319,2024-02-12 16:02:19,v1,232.3000030517578,232.199997,0.1000060517578163
2024-02-12 16:02:20.000555,2024-02-12 16:02:21,energy,132807.0,132.807,132674.193
2024-02-12 16:02:20.000555,2024-02-12 16:02:21,maximum_demand_total_active_power,1511.2498779296875,1511.249878,7.03125806467142e-08
2024-02-12 16:02:20.000555,2024-02-12 16:02:21,v1,232.1999969482422,232.199997,5.1757808705588104e-08
2024-02-12 16:02:22.001037,2024-02-12 16:02:23,energy,132807.0,132.807,132674.193
2024-02-12 16:02:22.001037,2024-02-12 16:02:23,maximum_demand_total_active_power,1511.2498779296875,1511.249878,7.03125806467142e-08
2024-02-12 16:02:22.001037,2024-02-12 16:02:23,v1,232.1999969482422,232.199997,5.1757808705588104e-08
2024-02-12 16:02:24.000934,2024-02-12 16:02:25,energy,132807.0,132.807,132674.193
2024-02-12 16:02:24.000934,2024-02-12 16:02:25,maximum_demand_total_active_power,1511.2498779296875,1511.249878,7.03125806467142e-08
2024-02-12 16:02:24.000934,2024-02-12 16:02:25,v1,232.3000030517578,232.300003,5.1757808705588104e-08
2024-02-12 16:02:26.000199,2024-02-12 16:02:27,energy,132807.0,132.807,132674.193
2024-02-12 16:02:26.000199,2024-02-12 16:02:27,maximum_demand_total_active_power,1511.2498779296875,1511.249878,7.03125806467142e-08
2024-02-12 16:02:26.000199,2024-02-12 16:02:27,v1,232.3000030517578,232.300003,5.1757808705588104e-08
2024-02-12 16:02:28.000601,2024-02-12 16:02:29,energy,132807.0,132.807,132674.193
2024-02-12 16:02:28.000601,2024-02-12 16:02:29,maximum_demand_total_active_power,1511.2498779296875,1511.249878,7.03125806467142e-08
2024-02-12 16:02:28.000601,2024-02-12 16:02:29,v1,232.3000030517578,232.399994,0.09999094824217991
2024-02-12 16:02:30.001172,2024-02-12 16:02:31,energy,132807.0,132.807,132674.193
2024-02-12 16:02:30.001172,2024-02-12 16:02:31,maximum_demand_total_active_power,1511.2498779296875,1511.249878,7.03125806467142e-08
2024-02-12 16:02:30.001172,2024-02-12 16:02:31,v1,232.3999938964844,232.399994,1.0351558898946678e-07
2024-02-12 16:02:32.000350,2024-02-12 16:02:33,energy,132807.0,132.807,132674.193
2024-02-12 16:02:32.000350,2024-02-12 16:02:33,maximum_demand_total_active_power,1511.2498779296875,1511.249878,7.03125806467142e-08
2024-02-12 16:02:32.000350,2024-02-12 16:02:33,v1,232.3999938964844,232.0,0.3999938964844034
2024-02-12 16:02:34.001646,2024-02-12 16:02:35,energy,132807.0,132.807,132674.193
2024-02-12 16:02:34.001646,2024-02-12 16:02:35,maximum_demand_total_active_power,1511.2498779296875,1511.249878,7.03125806467142e-08
2024-02-12 16:02:36.000861,2024-02-12 16:02:37,energy,132807.0,132.807,132674.193
2024-02-12 16:02:36.000861,2024-02-12 16:02:37,maximum_demand_total_active_power,1511.2498779296875,1511.249878,7.03125806467142e-08
2024-02-12 16:02:38.000937,2024-02-12 16:02:39,energy,132807.0,132.807,132674.193
2024-02-12 16:02:38.000937,2024-02-12 16:02:39,maximum_demand_total_active_power,1511.2498779296875,1511.249878,7.03125806467142e-08
2024-02-12 16:02:38.000937,2024-02-12 16:02:39,v1,232.0,231.899994,0.10000600000000759
2024-02-12 16:02:40.002231,2024-02-12 16:02:41,energy,132807.0,132.807,132674.193
2024-02-12 16:02:40.002231,2024-02-12 16:02:41,maximum_demand_total_active_power,1511.2498779296875,1511.249878,7.03125806467142e-08
2024-02-12 16:02:40.002231,2024-02-12 16:02:41,v1,231.8999938964844,231.899994,1.0351558898946678e-07
2024-02-12 16:02:42.001165,2024-02-12 16:02:43,energy,132807.0,132.807,132674.193
2024-02-12 16:02:42.001165,2024-02-12 16:02:43,maximum_demand_total_active_power,1511.2498779296875,1511.249878,7.03125806467142e-08
2024-02-12 16:02:42.001165,2024-02-12 16:02:43,v1,231.8999938964844,231.899994,1.0351558898946678e-07
2024-02-12 16:02:44.001068,2024-02-12 16:02:45,energy,132807.0,132.807,132674.193
2024-02-12 16:02:44.001068,2024-02-12 16:02:45,maximum_demand_total_active_power,1511.2498779296875,1511.249878,7.03125806467142e-08
2024-02-12 16:02:44.001068,2024-02-12 16:02:45,v1,231.8999938964844,231.899994,1.0351558898946678e-07
2024-02-12 16:02:46.000205,2024-02-12 16:02:47,energy,132807.0,132.807,132674.193
2024-02-12 16:02:46.000205,2024-02-12 16:02:47,maximum_demand_total_active_power,1511.2498779296875,1511.249878,7.03125806467142e-08
2024-02-12 16:02:46.000205,2024-02-12 16:02:47,v1,231.8999938964844,231.899994,1.0351558898946678e-07
2024-02-12 16:02:48.001879,,energy,132807.0,,
2024-02-12 16:02:48.001879,,total_active_power,0.0,,
2024-02-12 16:02:48.001879,,demand_total_active_power,0.0,,
2024-02-12 16:02:48.001879,,maximum_demand_total_active_power,1511.2498779296875,,
2024-02-12 16:02:48.001879,,i1,0.0,,
2024-02-12 16:02:48.001879,,v1,231.8999938964844,,
2024-02-12 16:02:48.001879,,total_apparent_power,0.0,,
2024-02-12 16:02:50.000969,2024-02-12 16:02:50,energy,132807.0,132.807,132674.193
2024-02-12 16:02:50.000969,2024-02-12 16:02:50,maximum_demand_total_active_power,1511.2498779296875,1511.249878,7.03125806467142e-08
2024-02-12 16:02:50.000969,2024-02-12 16:02:50,v1,231.6000061035156,231.600006,1.0351558898946678e-07
2024-02-12 16:02:52.002714,2024-02-12 16:02:52,energy,132807.0,132.807,132674.193
2024-02-12 16:02:52.002714,2024-02-12 16:02:52,maximum_demand_total_active_power,1511.2498779296875,1511.249878,7.03125806467142e-08
2024-02-12 16:02:52.002714,2024-02-12 16:02:52,v1,231.6000061035156,231.600006,1.0351558898946678e-07
2024-02-12 16:02:54.000477,2024-02-12 16:02:54,energy,132807.0,132.807,132674.193
2024-02-12 16:02:54.000477,2024-02-12 16:02:54,maximum_demand_total_active_power,1511.2498779296875,1511.249878,7.03125806467142e-08
2024-02-12 16:02:54.000477,2024-02-12 16:02:54,v1,232.1000061035156,232.100006,1.0351558898946678e-07
2024-02-12 16:02:56.000691,2024-02-12 16:02:56,energy,132807.0,132.807,132674.193
2024-02-12 16:02:56.000691,2024-02-12 16:02:56,maximum_demand_total_active_power,1511.2498779296875,1511.249878,7.03125806467142e-08
2024-02-12 16:02:56.000691,2024-02-12 16:02:56,v1,232.1000061035156,232.100006,1.0351558898946678e-07
2024-02-12 16:02:58.013655,2024-02-12 16:02:58,energy,132807.0,132.807,132674.193
2024-02-12 16:02:58.013655,2024-02-12 16:02:58,maximum_demand_total_active_power,1511.2498779296875,1511.249878,7.03125806467142e-08
2024-02-12 16:02:58.013655,2024-02-12 16:02:58,v1,232.1000061035156,232.100006,1.0351558898946678e-07
2024-02-12 16:03:00.001462,2024-02-12 16:03:00,energy,132807.0,132.807,132674.193
2024-02-12 16:03:00.001462,2024-02-12 16:03:00,maximum_demand_total_active_power,1511.2498779296875,1511.249878,7.03125806467142e-08
2024-02-12 16:03:00.001462,2024-02-12 16:03:00,v1,232.1000061035156,232.100006,1.0351558898946678e-07
2024-02-12 16:03:02.011714,2024-02-12 16:03:02,energy,132807.0,132.807,132674.193
2024-02-12 16:03:02.011714,2024-02-12 16:03:02,maximum_demand_total_active_power,1511.2498779296875,1511.249878,7.03125806467142e-08
2024-02-12 16:03:02.011714,2024-02-12 16:03:02,v1,232.1000061035156,232.100006,1.0351558898946678e-07
2024-02-12 16:03:04.007142,2024-02-12 16:03:04,energy,132807.0,132.807,132674.193
2024-02-12 16:03:04.007142,2024-02-12 16:03:04,maximum_demand_total_active_power,1511.2498779296875,1511.249878,7.03125806467142e-08
2024-02-12 16:03:04.007142,2024-02-12 16:03:04,v1,232.3999938964844,232.399994,1.0351558898946678e-07
2024-02-12 16:03:06.015149,2024-02-12 16:03:06,energy,132807.0,132.807,132674.193
2024-02-12 16:03:06.015149,2024-02-12 16:03:06,maximum_demand_total_active_power,1511.2498779296875,1511.249878,7.03125806467142e-08
2024-02-12 16:03:06.015149,2024-02-12 16:03:06,v1,232.3999938964844,232.399994,1.0351558898946678e-07
2024-02-12 16:03:08.012287,2024-02-12 16:03:08,energy,132807.0,132.807,132674.193
2024-02-12 16:03:08.012287,2024-02-12 16:03:08,maximum_demand_total_active_power,1511.2498779296875,1511.249878,7.03125806467142e-08
2024-02-12 16:03:08.012287,2024-02-12 16:03:08,v1,232.3999938964844,232.399994,1.0351558898946678e-07
2024-02-12 16:03:10.000756,2024-02-12 16:03:10,energy,132807.0,132.807,132674.193
2024-02-12 16:03:10.000756,2024-02-12 16:03:10,maximum_demand_total_active_power,1511.2498779296875,1511.249878,7.03125806467142e-08
2024-02-12 16:03:10.000756,2024-02-12 16:03:10,v1,232.3999938964844,232.399994,1.0351558898946678e-07
2024-02-12 16:03:12.002574,2024-02-12 16:03:12,energy,132807.0,132.807,132674.193
2024-02-12 16:03:12.002574,2024-02-12 16:03:12,maximum_demand_total_active_power,1511.2498779296875,1511.249878,7.03125806467142e-08
2024-02-12 16:03:12.002574,2024-02-12 16:03:12,v1,232.3999938964844,232.399994,1.0351558898946678e-07
2024-02-12 16:03:14.005844,2024-02-12 16:03:14,energy,132807.0,132.807,132674.193
2024-02-12 16:03:14.005844,2024-02-12 16:03:14,maximum_demand_total_active_power,1511.2498779296875,1511.249878,7.03125806467142e-08
2024-02-12 16:03:14.005844,2024-02-12 16:03:14,v1,232.3999938964844,232.399994,1.0351558898946678e-07
2024-02-12 16:03:16.001887,2024-02-12 16:03:17,energy,132807.0,132.807,132674.193
2024-02-12 16:03:16.001887,2024-02-12 16:03:17,maximum_demand_total_active_power,1511.2498779296875,1511.249878,7.03125806467142e-08
2024-02-12 16:03:16.001887,2024-02-12 16:03:17,v1,232.3999938964844,232.399994,1.0351558898946678e-07
2024-02-12 16:03:18.011157,2024-02-12 16:03:19,energy,132807.0,132.807,132674.193
2024-02-12 16:03:18.011157,2024-02-12 16:03:19,maximum_demand_total_active_power,1511.2498779296875,1511.249878,7.03125806467142e-08
2024-02-12 16:03:18.011157,2024-02-12 16:03:19,v1,232.3999938964844,232.300003,0.09999089648439963
2024-02-12 16:03:20.011097,2024-02-12 16:03:21,energy,132807.0,132.807,132674.193
2024-02-12 16:03:20.011097,2024-02-12 16:03:21,maximum_demand_total_active_power,1511.2498779296875,1511.249878,7.03125806467142e-08
2024-02-12 16:03:20.011097,2024-02-12 16:03:21,v1,232.3000030517578,232.300003,5.1757808705588104e-08
2024-02-12 16:03:22.001757,2024-02-12 16:03:23,energy,132807.0,132.807,132674.193
2024-02-12 16:03:22.001757,2024-02-12 16:03:23,maximum_demand_total_active_power,1511.2498779296875,1511.249878,7.03125806467142e-08
2024-02-12 16:03:22.001757,2024-02-12 16:03:23,v1,232.3000030517578,232.300003,5.1757808705588104e-08
2024-02-12 16:03:24.003179,2024-02-12 16:03:25,energy,132807.0,132.807,132674.193
2024-02-12 16:03:24.003179,2024-02-12 16:03:25,maximum_demand_total_active_power,1511.2498779296875,1511.249878,7.03125806467142e-08
2024-02-12 16:03:24.003179,2024-02-12 16:03:25,v1,232.3999938964844,232.399994,1.0351558898946678e-07
2024-02-12 16:03:26.008698,2024-02-12 16:03:27,energy,132807.0,132.807,132674.193
2024-02-12 16:03:26.008698,2024-02-12 16:03:27,maximum_demand_total_active_power,1511.2498779296875,1511.249878,7.03125806467142e-08
2024-02-12 16:03:26.008698,2024-02-12 16:03:27,v1,232.3999938964844,232.399994,1.0351558898946678e-07
2024-02-12 16:03:28.001237,2024-02-12 16:03:29,energy,132807.0,132.807,132674.193
2024-02-12 16:03:28.001237,2024-02-12 16:03:29,maximum_demand_total_active_power,1511.2498779296875,1511.249878,7.03125806467142e-08
2024-02-12 16:03:28.001237,2024-02-12 16:03:29,v1,232.3999938964844,232.300003,0.09999089648439963
2024-02-12 16:03:30.001355,2024-02-12 16:03:31,energy,132807.0,132.807,132674.193
2024-02-12 16:03:30.001355,2024-02-12 16:03:31,maximum_demand_total_active_power,1511.2498779296875,1511.249878,7.03125806467142e-08
2024-02-12 16:03:30.001355,2024-02-12 16:03:31,v1,232.3000030517578,232.300003,5.1757808705588104e-08
2024-02-12 16:03:32.000527,2024-02-12 16:03:33,energy,132807.0,132.807,132674.193
2024-02-12 16:03:32.000527,2024-02-12 16:03:33,maximum_demand_total_active_power,1511.2498779296875,1511.249878,7.03125806467142e-08
2024-02-12 16:03:32.000527,2024-02-12 16:03:33,v1,232.3000030517578,232.399994,0.09999094824217991
2024-02-12 16:03:34.000399,2024-02-12 16:03:35,energy,132807.0,132.807,132674.193
2024-02-12 16:03:34.000399,2024-02-12 16:03:35,maximum_demand_total_active_power,1511.2498779296875,1511.249878,7.03125806467142e-08
2024-02-12 16:03:34.000399,2024-02-12 16:03:35,v1,232.3999938964844,232.399994,1.0351558898946678e-07
2024-02-12 16:03:36.002058,2024-02-12 16:03:37,energy,132807.0,132.807,132674.193
2024-02-12 16:03:36.002058,2024-02-12 16:03:37,maximum_demand_total_active_power,1511.2498779296875,1511.249878,7.03125806467142e-08
2024-02-12 16:03:36.002058,2024-02-12 16:03:37,v1,232.3999938964844,232.399994,1.0351558898946678e-07
2024-02-12 16:03:38.001746,2024-02-12 16:03:39,energy,132807.0,132.807,132674.193
2024-02-12 16:03:38.001746,2024-02-12 16:03:39,maximum_demand_total_active_power,1511.2498779296875,1511.249878,7.03125806467142e-08
2024-02-12 16:03:38.001746,2024-02-12 16:03:39,v1,232.3999938964844,232.300003,0.09999089648439963
2024-02-12 16:03:40.000624,2024-02-12 16:03:41,energy,132807.0,132.807,132674.193
2024-02-12 16:03:40.000624,2024-02-12 16:03:41,maximum_demand_total_active_power,1511.2498779296875,1511.249878,7.03125806467142e-08
2024-02-12 16:03:40.000624,2024-02-12 16:03:41,v1,232.3000030517578,232.300003,5.1757808705588104e-08
2024-02-12 16:03:42.000167,2024-02-12 16:03:43,energy,132807.0,132.807,132674.193
2024-02-12 16:03:42.000167,2024-02-12 16:03:43,maximum_demand_total_active_power,1511.2498779296875,1511.249878,7.03125806467142e-08
2024-02-12 16:03:42.000167,2024-02-12 16:03:43,v1,232.3000030517578,231.899994,0.4000090517578201
2024-02-12 16:03:44.001116,2024-02-12 16:03:45,energy,132807.0,132.807,132674.193
2024-02-12 16:03:44.001116,2024-02-12 16:03:45,maximum_demand_total_active_power,1511.2498779296875,1511.249878,7.03125806467142e-08
2024-02-12 16:03:44.001116,2024-02-12 16:03:45,v1,231.8999938964844,231.899994,1.0351558898946678e-07
2024-02-12 16:03:46.000351,2024-02-12 16:03:47,energy,132807.0,132.807,132674.193
2024-02-12 16:03:46.000351,2024-02-12 16:03:47,maximum_demand_total_active_power,1511.2498779296875,1511.249878,7.03125806467142e-08
2024-02-12 16:03:46.000351,2024-02-12 16:03:47,v1,231.8999938964844,231.899994,1.0351558898946678e-07
2024-02-12 16:03:48.002015,2024-02-12 16:03:49,energy,132807.0,132.807,132674.193
2024-02-12 16:03:48.002015,2024-02-12 16:03:49,maximum_demand_total_active_power,1511.2498779296875,1511.249878,7.03125806467142e-08
2024-02-12 16:03:48.002015,2024-02-12 16:03:49,v1,231.8999938964844,231.899994,1.0351558898946678e-07
2024-02-12 16:03:50.000878,,energy,132807.0,,
2024-02-12 16:03:50.000878,,total_active_power,0.0,,
2024-02-12 16:03:50.000878,,demand_total_active_power,0.0,,
2024-02-12 16:03:50.000878,,maximum_demand_total_active_power,1511.2498779296875,,
2024-02-12 16:03:50.000878,,i1,0.0,,
2024-02-12 16:03:50.000878,,v1,231.8999938964844,,
2024-02-12 16:03:50.000878,,total_apparent_power,0.0,,
2024-02-12 16:03:52.000721,2024-02-12 16:03:52,energy,132807.0,132.807,132674.193
2024-02-12 16:03:52.000721,2024-02-12 16:03:52,maximum_demand_total_active_power,1511.2498779296875,1511.249878,7.03125806467142e-08
2024-02-12 16:03:52.000721,2024-02-12 16:03:52,v1,231.8999938964844,231.899994,1.0351558898946678e-07
2024-02-12 16:03:54.002274,2024-02-12 16:03:54,energy,132807.0,132.807,132674.193
2024-02-12 16:03:54.002274,2024-02-12 16:03:54,maximum_demand_total_active_power,1511.2498779296875,1511.249878,7.03125806467142e-08
2024-02-12 16:03:54.002274,2024-02-12 16:03:54,v1,231.6000061035156,231.600006,1.0351558898946678e-07
2024-02-12 16:03:56.000815,2024-02-12 16:03:56,energy,132807.0,132.807,132674.193
2024-02-12 16:03:56.000815,2024-02-12 16:03:56,maximum_demand_total_active_power,1511.2498779296875,1511.249878,7.03125806467142e-08
2024-02-12 16:03:56.000815,2024-02-12 16:03:56,v1,231.6000061035156,231.600006,1.0351558898946678e-07
2024-02-12 16:03:58.001756,2024-02-12 16:03:58,energy,132807.0,132.807,132674.193
2024-02-12 16:03:58.001756,2024-02-12 16:03:58,maximum_demand_total_active_power,1511.2498779296875,1511.249878,7.03125806467142e-08
2024-02-12 16:03:58.001756,2024-02-12 16:03:58,v1,231.6000061035156,231.600006,1.0351558898946678e-07
2024-02-12 16:04:00.000475,2024-02-12 16:04:00,energy,132807.0,132.807,132674.193
2024-02-12 16:04:00.000475,2024-02-12 16:04:00,maximum_demand_total_active_power,1511.2498779296875,1511.249878,7.03125806467142e-08
2024-02-12 16:04:02.000571,2024-02-12 16:04:02,energy,132807.0,132.807,132674.193
2024-02-12 16:04:02.000571,2024-02-12 16:04:02,maximum_demand_total_active_power,1511.2498779296875,1511.249878,7.03125806467142e-08
2024-02-12 16:04:04.000711,2024-02-12 16:04:04,energy,132807.0,132.807,132674.193
2024-02-12 16:04:04.000711,2024-02-12 16:04:04,maximum_demand_total_active_power,1511.2498779296875,1511.249878,7.03125806467142e-08
2024-02-12 16:04:06.000707,2024-02-12 16:04:06,energy,132807.0,132.807,132674.193
2024-02-12 16:04:06.000707,2024-02-12 16:04:06,maximum_demand_total_active_power,1511.2498779296875,1511.249878,7.03125806467142e-08
2024-02-12 16:04:08.000925,2024-02-12 16:04:08,energy,132807.0,132.807,132674.193
2024-02-12 16:04:08.000925,2024-02-12 16:04:08,maximum_demand_total_active_power,1511.2498779296875,1511.249878,7.03125806467142e-08
2024-02-12 16:04:10.000240,2024-02-12 16:04:10,energy,132807.0,132.807,132674.193
2024-02-12 16:04:10.000240,2024-02-12 16:04:10,maximum_demand_total_active_power,1511.2498779296875,1511.249878,7.03125806467142e-08
2024-02-12 16:04:12.001967,2024-02-12 16:04:12,energy,132807.0,132.807,132674.193
2024-02-12 16:04:12.001967,2024-02-12 16:04:12,maximum_demand_total_active_power,1511.2498779296875,1511.249878,7.03125806467142e-08
2024-02-12 16:04:14.000304,2024-02-12 16:04:14,energy,132807.0,132.807,132674.193
2024-02-12 16:04:14.000304,2024-02-12 16:04:14,maximum_demand_total_active_power,1511.2498779296875,1511.249878,7.03125806467142e-08
2024-02-12 16:04:16.002087,2024-02-12 16:04:16,energy,132807.0,132.807,132674.193
2024-02-12 16:04:16.002087,2024-02-12 16:04:16,maximum_demand_total_active_power,1511.2498779296875,1511.249878,7.03125806467142e-08
2024-02-12 16:04:18.000095,2024-02-12 16:04:18,energy,132807.0,132.807,132674.193
2024-02-12 16:04:18.000095,2024-02-12 16:04:18,maximum_demand_total_active_power,1511.2498779296875,1511.249878,7.03125806467142e-08
2024-02-12 16:04:18.000095,2024-02-12 16:04:18,v1,231.0,230.800003,0.1999969999999962
2024-02-12 16:04:20.000781,2024-02-12 16:04:21,energy,132807.0,132.807,132674.193
2024-02-12 16:04:20.000781,2024-02-12 16:04:21,maximum_demand_total_active_power,1511.2498779296875,1511.249878,7.03125806467142e-08
2024-02-12 16:04:20.000781,2024-02-12 16:04:21,v1,230.8000030517578,230.800003,5.1757808705588104e-08
2024-02-12 16:04:22.000795,2024-02-12 16:04:23,energy,132807.0,132.807,132674.193
2024-02-12 16:04:22.000795,2024-02-12 16:04:23,maximum_demand_total_active_power,1511.2498779296875,1511.249878,7.03125806467142e-08
2024-02-12 16:04:22.000795,2024-02-12 16:04:23,v1,230.8000030517578,230.800003,5.1757808705588104e-08
2024-02-12 16:04:24.000041,2024-02-12 16:04:25,energy,132807.0,132.807,132674.193
2024-02-12 16:04:24.000041,2024-02-12 16:04:25,maximum_demand_total_active_power,1511.2498779296875,1511.249878,7.03125806467142e-08
2024-02-12 16:04:24.000041,2024-02-12 16:04:25,v1,230.8999938964844,230.899994,1.0351558898946678e-07
2024-02-12 16:04:26.000736,2024-02-12 16:04:27,energy,132807.0,132.807,132674.193
2024-02-12 16:04:26.000736,2024-02-12 16:04:27,maximum_demand_total_active_power,1511.2498779296875,1511.249878,7.03125806467142e-08
2024-02-12 16:04:26.000736,2024-02-12 16:04:27,v1,230.8999938964844,230.899994,1.0351558898946678e-07
2024-02-12 16:04:28.002284,2024-02-12 16:04:29,energy,132807.0,132.807,132674.193
2024-02-12 16:04:28.002284,2024-02-12 16:04:29,maximum_demand_total_active_power,1511.2498779296875,1511.249878,7.03125806467142e-08
2024-02-12 16:04:28.002284,2024-02-12 16:04:29,v1,230.8999938964844,230.899994,1.0351558898946678e-07
2024-02-12 16:04:30.001014,2024-02-12 16:04:31,energy,132807.0,132.807,132674.193
2024-02-12 16:04:30.001014,2024-02-12 16:04:31,maximum_demand_total_active_power,1511.2498779296875,1511.249878,7.03125806467142e-08
2024-02-12 16:04:30.001014,2024-02-12 16:04:31,v1,230.8999938964844,230.899994,1.0351558898946678e-07
2024-02-12 16:04:32.000147,2024-02-12 16:04:33,energy,132807.0,132.807,132674.193
2024-02-12 16:04:32.000147,2024-02-12 16:04:33,maximum_demand_total_active_power,1511.2498779296875,1511.249878,7.03125806467142e-08
2024-02-12 16:04:32.000147,2024-02-12 16:04:33,v1,230.8999938964844,230.899994,1.0351558898946678e-07
2024-02-12 16:04:34.001310,2024-02-12 16:04:35,energy,132807.0,132.807,132674.193
2024-02-12 16:04:34.001310,2024-02-12 16:04:35,maximum_demand_total_active_power,1511.2498779296875,1511.249878,7.03125806467142e-08
2024-02-12 16:04:34.001310,2024-02-12 16:04:35,v1,230.8000030517578,230.800003,5.1757808705588104e-08
2024-02-12 16:04:36.001752,2024-02-12 16:04:37,energy,132807.0,132.807,132674.193
2024-02-12 16:04:36.001752,2024-02-12 16:04:37,maximum_demand_total_active_power,1511.2498779296875,1511.249878,7.03125806467142e-08
2024-02-12 16:04:36.001752,2024-02-12 16:04:37,v1,230.8000030517578,230.800003,5.1757808705588104e-08
2024-02-12 16:04:38.000834,2024-02-12 16:04:39,energy,132807.0,132.807,132674.193
2024-02-12 16:04:38.000834,2024-02-12 16:04:39,maximum_demand_total_active_power,1511.2498779296875,1511.249878,7.03125806467142e-08
2024-02-12 16:04:38.000834,2024-02-12 16:04:39,v1,230.8000030517578,230.699997,0.1000060517578163
2024-02-12 16:04:40.001715,2024-02-12 16:04:41,energy,132807.0,132.807,132674.193
2024-02-12 16:04:40.001715,2024-02-12 16:04:41,maximum_demand_total_active_power,1511.2498779296875,1511.249878,7.03125806467142e-08
2024-02-12 16:04:40.001715,2024-02-12 16:04:41,v1,230.6999969482422,230.699997,5.1757808705588104e-08
2024-02-12 16:04:42.000060,2024-02-12 16:04:43,energy,132807.0,132.807,132674.193
2024-02-12 16:04:42.000060,2024-02-12 16:04:43,maximum_demand_total_active_power,1511.2498779296875,1511.249878,7.03125806467142e-08
2024-02-12 16:04:42.000060,2024-02-12 16:04:43,v1,230.6999969482422,231.300003,0.6000060517578163
2024-02-12 16:04:44.000710,2024-02-12 16:04:45,energy,132807.0,132.807,132674.193
2024-02-12 16:04:44.000710,2024-02-12 16:04:45,maximum_demand_total_active_power,1511.2498779296875,1511.249878,7.03125806467142e-08
2024-02-12 16:04:44.000710,2024-02-12 16:04:45,v1,231.3000030517578,231.300003,5.1757808705588104e-08
2024-02-12 16:04:46.001338,2024-02-12 16:04:47,energy,132807.0,132.807,132674.193
2024-02-12 16:04:46.001338,2024-02-12 16:04:47,maximum_demand_total_active_power,1511.2498779296875,1511.249878,7.03125806467142e-08
2024-02-12 16:04:46.001338,2024-02-12 16:04:47,v1,231.3000030517578,231.300003,5.1757808705588104e-08
2024-02-12 16:04:48.000435,2024-02-12 16:04:49,energy,132807.0,132.807,132674.193
2024-02-12 16:04:48.000435,2024-02-12 16:04:49,maximum_demand_total_active_power,1511.2498779296875,1511.249878,7.03125806467142e-08
2024-02-12 16:04:48.000435,2024-02-12 16:04:49,v1,231.3000030517578,231.399994,0.09999094824217991
2024-02-12 16:04:50.001006,2024-02-12 16:04:51,energy,132807.0,132.807,132674.193
2024-02-12 16:04:50.001006,2024-02-12 16:04:51,maximum_demand_total_active_power,1511.2498779296875,1511.249878,7.03125806467142e-08
2024-02-12 16:04:50.001006,2024-02-12 16:04:51,v1,231.3999938964844,231.399994,1.0351558898946678e-07
2024-02-12 16:04:52.001899,2024-02-12 16:04:53,energy,132807.0,132.807,132674.193
2024-02-12 16:04:52.001899,2024-02-12 16:04:53,maximum_demand_total_active_power,1511.2498779296875,1511.249878,7.03125806467142e-08
2024-02-12 16:04:52.001899,2024-02-12 16:04:53,v1,231.3999938964844,231.399994,1.0351558898946678e-07
2024-02-12 16:04:54.001350,2024-02-12 16:04:55,energy,132807.0,132.807,132674.193
2024-02-12 16:04:54.001350,2024-02-12 16:04:55,maximum_demand_total_active_power,1511.2498779296875,1511.249878,7.03125806467142e-08
2024-02-12 16:04:54.001350,2024-02-12 16:04:55,v1,231.3999938964844,231.399994,1.0351558898946678e-07
2024-02-12 16:04:56.001084,2024-02-12 16:04:57,energy,132807.0,132.807,132674.193
2024-02-12 16:04:56.001084,2024-02-12 16:04:57,maximum_demand_total_active_power,1511.2498779296875,1511.249878,7.03125806467142e-08
2024-02-12 16:04:56.001084,2024-02-12 16:04:57,v1,231.3999938964844,231.399994,1.0351558898946678e-07
2024-02-12 16:04:58.002159,2024-02-12 16:04:59,energy,132807.0,132.807,132674.193
2024-02-12 16:04:58.002159,2024-02-12 16:04:59,maximum_demand_total_active_power,1511.2498779296875,1511.249878,7.03125806467142e-08
2024-02-12 16:04:58.002159,2024-02-12 16:04:59,v1,231.3999938964844,231.300003,0.09999089648439963
2024-02-12 16:05:00.000394,2024-02-12 16:05:01,energy,132807.0,132.807,132674.193
2024-02-12 16:05:00.000394,2024-02-12 16:05:01,maximum_demand_total_active_power,1511.2498779296875,1511.249878,7.03125806467142e-08
2024-02-12 16:05:00.000394,2024-02-12 16:05:01,v1,231.3000030517578,231.300003,5.1757808705588104e-08
2024-02-12 16:05:02.000267,,energy,132807.0,,
2024-02-12 16:05:02.000267,,total_active_power,0.0,,
2024-02-12 16:05:02.000267,,demand_total_active_power,0.0,,
2024-02-12 16:05:02.000267,,maximum_demand_total_active_power,1511.2498779296875,,
2024-02-12 16:05:02.000267,,i1,0.0,,
2024-02-12 16:05:02.000267,,v1,231.3000030517578,,
2024-02-12 16:05:02.000267,,total_apparent_power,0.0,,
2024-02-12 16:05:04.000790,2024-02-12 16:05:04,energy,132807.0,132.807,132674.193
2024-02-12 16:05:04.000790,2024-02-12 16:05:04,maximum_demand_total_active_power,1511.2498779296875,1511.249878,7.03125806467142e-08
2024-02-12 16:05:04.000790,2024-02-12 16:05:04,v1,231.3999938964844,231.399994,1.0351558898946678e-07
2024-02-12 16:05:06.002051,2024-02-12 16:05:06,energy,132807.0,132.807,132674.193
2024-02-12 16:05:06.002051,2024-02-12 16:05:06,maximum_demand_total_active_power,1511.2498779296875,1511.249878,7.03125806467142e-08
2024-02-12 16:05:06.002051,2024-02-12 16:05:06,v1,231.3999938964844,231.399994,1.0351558898946678e-07
2024-02-12 16:05:08.002016,2024-02-12 16:05:08,energy,132807.0,132.807,132674.193
2024-02-12 16:05:08.002016,2024-02-12 16:05:08,maximum_demand_total_active_power,1511.2498779296875,1511.249878,7.03125806467142e-08
2024-02-12 16:05:08.002016,2024-02-12 16:05:08,v1,231.3999938964844,231.399994,1.0351558898946678e-07
2024-02-12 16:05:10.000676,2024-02-12 16:05:10,energy,132807.0,132.807,132674.193
2024-02-12 16:05:10.000676,2024-02-12 16:05:10,maximum_demand_total_active_power,1511.2498779296875,1511.249878,7.03125806467142e-08
2024-02-12 16:05:10.000676,2024-02-12 16:05:10,v1,231.3000030517578,231.300003,5.1757808705588104e-08
2024-02-12 16:05:12.000672,2024-02-12 16:05:12,energy,132807.0,132.807,132674.193
2024-02-12 16:05:12.000672,2024-02-12 16:05:12,maximum_demand_total_active_power,1511.2498779296875,1511.249878,7.03125806467142e-08
2024-02-12 16:05:12.000672,2024-02-12 16:05:12,v1,231.3000030517578,231.300003,5.1757808705588104e-08
2024-02-12 16:05:14.001338,2024-02-12 16:05:14,energy,132807.0,132.807,132674.193
2024-02-12 16:05:14.001338,2024-02-12 16:05:14,maximum_demand_total_active_power,1511.2498779296875,1511.249878,7.03125806467142e-08
2024-02-12 16:05:14.001338,2024-02-12 16:05:14,v1,231.3000030517578,231.300003,5.1757808705588104e-08
2024-02-12 16:05:16.000481,2024-02-12 16:05:16,energy,132807.0,132.807,132674.193
2024-02-12 16:05:16.000481,2024-02-12 16:05:16,maximum_demand_total_active_power,1511.2498779296875,1511.249878,7.03125806467142e-08
2024-02-12 16:05:16.000481,2024-02-12 16:05:16,v1,231.3000030517578,231.300003,5.1757808705588104e-08
2024-02-12 16:05:18.000852,2024-02-12 16:05:18,energy,132807.0,132.807,132674.193
2024-02-12 16:05:18.000852,2024-02-12 16:05:18,maximum_demand_total_active_power,1511.2498779296875,1511.249878,7.03125806467142e-08
2024-02-12 16:05:18.000852,2024-02-12 16:05:18,v1,231.3000030517578,231.300003,5.1757808705588104e-08
2024-02-12 16:05:20.000330,2024-02-12 16:05:20,energy,132807.0,132.807,132674.193
2024-02-12 16:05:20.000330,2024-02-12 16:05:20,maximum_demand_total_active_power,1511.2498779296875,1511.249878,7.03125806467142e-08
2024-02-12 16:05:20.000330,2024-02-12 16:05:20,v1,231.3000030517578,231.300003,5.1757808705588104e-08
2024-02-12 16:05:22.000830,2024-02-12 16:05:22,energy,132807.0,132.807,132674.193
2024-02-12 16:05:22.000830,2024-02-12 16:05:22,maximum_demand_total_active_power,1511.2498779296875,1511.249878,7.03125806467142e-08
2024-02-12 16:05:22.000830,2024-02-12 16:05:22,v1,231.3000030517578,231.300003,5.1757808705588104e-08
2024-02-12 16:05:24.001940,2024-02-12 16:05:24,energy,132807.0,132.807,132674.193
2024-02-12 16:05:24.001940,2024-02-12 16:05:24,maximum_demand_total_active_power,1511.2498779296875,1511.249878,7.03125806467142e-08
2024-02-12 16:05:24.001940,2024-02-12 16:05:24,v1,231.3999938964844,231.399994,1.0351558898946678e-07
2024-02-12 16:05:26.000499,2024-02-12 16:05:26,energy,132807.0,132.807,132674.193
2024-02-12 16:05:26.000499,2024-02-12 16:05:26,maximum_demand_total_active_power,1511.2498779296875,1511.249878,7.03125806467142e-08
2024-02-12 16:05:26.000499,2024-02-12 16:05:26,v1,231.3999938964844,231.399994,1.0351558898946678e-07
2024-02-12 16:05:28.000528,2024-02-12 16:05:28,energy,132807.0,132.807,132674.193
2024-02-12 16:05:28.000528,2024-02-12 16:05:28,maximum_demand_total_active_power,1511.2498779296875,1511.249878,7.03125806467142e-08
2024-02-12 16:05:28.000528,2024-02-12 16:05:28,v1,231.3999938964844,231.5,0.10000610351559658
2024-02-12 16:05:30.000823,2024-02-12 16:05:31,energy,132807.0,132.807,132674.193
2024-02-12 16:05:30.000823,2024-02-12 16:05:31,maximum_demand_total_active_power,1511.2498779296875,1511.249878,7.03125806467142e-08
2024-02-12 16:05:32.001966,2024-02-12 16:05:33,energy,132807.0,132.807,132674.193
2024-02-12 16:05:32.001966,2024-02-12 16:05:33,maximum_demand_total_active_power,1511.2498779296875,1511.249878,7.03125806467142e-08
2024-02-12 16:05:34.001479,2024-02-12 16:05:35,energy,132807.0,132.807,132674.193
2024-02-12 16:05:34.001479,2024-02-12 16:05:35,maximum_demand_total_active_power,1511.2498779296875,1511.249878,7.03125806467142e-08
2024-02-12 16:05:36.000341,2024-02-12 16:05:37,energy,132807.0,132.807,132674.193
2024-02-12 16:05:36.000341,2024-02-12 16:05:37,maximum_demand_total_active_power,1511.2498779296875,1511.249878,7.03125806467142e-08
2024-02-12 16:05:38.000741,2024-02-12 16:05:39,energy,132807.0,132.807,132674.193
2024-02-12 16:05:38.000741,2024-02-12 16:05:39,maximum_demand_total_active_power,1511.2498779296875,1511.249878,7.03125806467142e-08
2024-02-12 16:05:38.000741,2024-02-12 16:05:39,v1,231.5,231.300003,0.1999969999999962
2024-02-12 16:05:40.000428,2024-02-12 16:05:41,energy,132807.0,132.807,132674.193
2024-02-12 16:05:40.000428,2024-02-12 16:05:41,maximum_demand_total_active_power,1511.2498779296875,1511.249878,7.03125806467142e-08
2024-02-12 16:05:40.000428,2024-02-12 16:05:41,v1,231.3000030517578,231.300003,5.1757808705588104e-08
2024-02-12 16:05:42.000936,2024-02-12 16:05:43,energy,132807.0,132.807,132674.193
2024-02-12 16:05:42.000936,2024-02-12 16:05:43,maximum_demand_total_active_power,1511.2498779296875,1511.249878,7.03125806467142e-08
2024-02-12 16:05:42.000936,2024-02-12 16:05:43,v1,231.3000030517578,231.300003,5.1757808705588104e-08
2024-02-12 16:05:44.000607,2024-02-12 16:05:45,energy,132807.0,132.807,132674.193
2024-02-12 16:05:44.000607,2024-02-12 16:05:45,maximum_demand_total_active_power,1511.2498779296875,1511.249878,7.03125806467142e-08
2024-02-12 16:05:46.002014,2024-02-12 16:05:47,energy,132807.0,132.807,132674.193
2024-02-12 16:05:46.002014,2024-02-12 16:05:47,maximum_demand_total_active_power,1511.2498779296875,1511.249878,7.03125806467142e-08
2024-02-12 16:05:48.001839,2024-02-12 16:05:49,energy,132807.0,132.807,132674.193
2024-02-12 16:05:48.001839,2024-02-12 16:05:49,maximum_demand_total_active_power,1511.2498779296875,1511.249878,7.03125806467142e-08
2024-02-12 16:05:48.001839,2024-02-12 16:05:49,v1,231.5,231.300003,0.1999969999999962
2024-02-12 16:05:50.001729,2024-02-12 16:05:51,energy,132807.0,132.807,132674.193
2024-02-12 16:05:50.001729,2024-02-12 16:05:51,maximum_demand_total_active_power,1511.2498779296875,1511.249878,7.03125806467142e-08
2024-02-12 16:05:50.001729,2024-02-12 16:05:51,v1,231.3000030517578,231.300003,5.1757808705588104e-08
2024-02-12 16:05:52.000277,2024-02-12 16:05:53,energy,132807.0,132.807,132674.193
2024-02-12 16:05:52.000277,2024-02-12 16:05:53,maximum_demand_total_active_power,1511.2498779296875,1511.249878,7.03125806467142e-08
2024-02-12 16:05:52.000277,2024-02-12 16:05:53,v1,231.3000030517578,231.199997,0.1000060517578163
2024-02-12 16:05:54.001231,2024-02-12 16:05:55,energy,132807.0,132.807,132674.193
2024-02-12 16:05:54.001231,2024-02-12 16:05:55,maximum_demand_total_active_power,1511.2498779296875,1511.249878,7.03125806467142e-08
2024-02-12 16:05:54.001231,2024-02-12 16:05:55,v1,231.1999969482422,231.199997,5.1757808705588104e-08
2024-02-12 16:05:56.000597,2024-02-12 16:05:57,energy,132807.0,132.807,132674.193
2024-02-12 16:05:56.000597,2024-02-12 16:05:57,maximum_demand_total_active_power,1511.2498779296875,1511.249878,7.03125806467142e-08
2024-02-12 16:05:56.000597,2024-02-12 16:05:57,v1,231.1999969482422,231.199997,5.1757808705588104e-08
2024-02-12 16:05:58.001638,2024-02-12 16:05:59,energy,132807.0,132.807,132674.193
2024-02-12 16:05:58.001638,2024-02-12 16:05:59,maximum_demand_total_active_power,1511.2498779296875,1511.249878,7.03125806467142e-08
2024-02-12 16:05:58.001638,2024-02-12 16:05:59,v1,231.1999969482422,231.300003,0.1000060517578163
2024-02-12 16:06:00.001089,2024-02-12 16:06:01,energy,132807.0,132.807,132674.193
2024-02-12 16:06:00.001089,2024-02-12 16:06:01,maximum_demand_total_active_power,1511.2498779296875,1511.249878,7.03125806467142e-08
2024-02-12 16:06:00.001089,2024-02-12 16:06:01,v1,231.3000030517578,231.300003,5.1757808705588104e-08
2024-02-12 16:06:02.000901,2024-02-12 16:06:03,energy,132807.0,132.807,132674.193
2024-02-12 16:06:02.000901,2024-02-12 16:06:03,maximum_demand_total_active_power,1511.2498779296875,1511.249878,7.03125806467142e-08
2024-02-12 16:06:02.000901,2024-02-12 16:06:03,v1,231.3000030517578,231.300003,5.1757808705588104e-08
2024-02-12 16:06:04.001722,2024-02-12 16:06:05,energy,132807.0,132.807,132674.193
2024-02-12 16:06:04.001722,2024-02-12 16:06:05,maximum_demand_total_active_power,1511.2498779296875,1511.249878,7.03125806467142e-08
2024-02-12 16:06:04.001722,2024-02-12 16:06:05,v1,231.3000030517578,231.300003,5.1757808705588104e-08
2024-02-12 16:06:06.000497,2024-02-12 16:06:07,energy,132807.0,132.807,132674.193
2024-02-12 16:06:06.000497,2024-02-12 16:06:07,maximum_demand_total_active_power,1511.2498779296875,1511.249878,7.03125806467142e-08
2024-02-12 16:06:06.000497,2024-02-12 16:06:07,v1,231.3000030517578,231.300003,5.1757808705588104e-08
2024-02-12 16:06:08.006281,2024-02-12 16:06:09,energy,132807.0,132.807,132674.193
2024-02-12 16:06:08.006281,2024-02-12 16:06:09,maximum_demand_total_active_power,1511.2498779296875,1511.249878,7.03125806467142e-08
2024-02-12 16:06:08.006281,2024-02-12 16:06:09,v1,231.3000030517578,231.100006,0.1999970517578049
2024-02-12 16:06:10.009296,2024-02-12 16:06:11,energy,132807.0,132.807,132674.193
2024-02-12 16:06:10.009296,2024-02-12 16:06:11,maximum_demand_total_active_power,1511.2498779296875,1511.249878,7.03125806467142e-08
2024-02-12 16:06:10.009296,2024-02-12 16:06:11,v1,231.1000061035156,231.100006,1.0351558898946678e-07
2024-02-12 16:06:12.014651,2024-02-12 16:06:13,energy,132807.0,132.807,132674.193
2024-02-12 16:06:12.014651,2024-02-12 16:06:13,maximum_demand_total_active_power,1511.2498779296875,1511.249878,7.03125806467142e-08
2024-02-12 16:06:12.014651,2024-02-12 16:06:13,v1,231.1000061035156,231.100006,1.0351558898946678e-07
2024-02-12 16:06:14.003585,,energy,132807.0,,
2024-02-12 16:06:14.003585,,total_active_power,0.0,,
2024-02-12 16:06:14.003585,,demand_total_active_power,0.0,,
2024-02-12 16:06:14.003585,,maximum_demand_total_active_power,1511.2498779296875,,
2024-02-12 16:06:14.003585,,i1,0.0,,
2024-02-12 16:06:14.003585,,v1,231.1000061035156,,
2024-02-12 16:06:14.003585,,total_apparent_power,0.0,,
2024-02-12 16:06:16.009456,2024-02-12 16:06:16,energy,132807.0,132.807,132674.193
2024-02-12 16:06:16.009456,2024-02-12 16:06:16,maximum_demand_total_active_power,1511.2498779296875,1511.249878,7.03125806467142e-08
2024-02-12 16:06:16.009456,2024-02-12 16:06:16,v1,231.1000061035156,231.100006,1.0351558898946678e-07
2024-02-12 16:06:18.014342,2024-02-12 16:06:18,energy,132807.0,132.807,132674.193
2024-02-12 16:06:18.014342,2024-02-12 16:06:18,maximum_demand_total_active_power,1511.2498779296875,1511.249878,7.03125806467142e-08
2024-02-12 16:06:18.014342,2024-02-12 16:06:18,v1,231.1000061035156,231.100006,1.0351558898946678e-07
2024-02-12 16:06:20.014314,2024-02-12 16:06:20,energy,132807.0,132.807,132674.193
2024-02-12 16:06:20.014314,2024-02-12 16:06:20,maximum_demand_total_active_power,1511.2498779296875,1511.249878,7.03125806467142e-08
2024-02-12 16:06:22.009610,2024-02-12 16:06:22,energy,132807.0,132.807,132674.193
2024-02-12 16:06:22.009610,2024-02-12 16:06:22,maximum_demand_total_active_power,1511.2498779296875,1511.249878,7.03125806467142e-08
2024-02-12 16:06:24.011834,2024-02-12 16:06:24,energy,132807.0,132.807,132674.193
2024-02-12 16:06:24.011834,2024-02-12 16:06:24,maximum_demand_total_active_power,1511.2498779296875,1511.249878,7.03125806467142e-08
2024-02-12 16:06:24.011834,2024-02-12 16:06:24,v1,231.1000061035156,231.100006,1.0351558898946678e-07
2024-02-12 16:06:26.002119,2024-02-12 16:06:26,energy,132807.0,132.807,132674.193
2024-02-12 16:06:26.002119,2024-02-12 16:06:26,maximum_demand_total_active_power,1511.2498779296875,1511.249878,7.03125806467142e-08
2024-02-12 16:06:26.002119,2024-02-12 16:06:26,v1,231.1000061035156,231.100006,1.0351558898946678e-07
2024-02-12 16:06:28.002124,2024-02-12 16:06:28,energy,132807.0,132.807,132674.193
2024-02-12 16:06:28.002124,2024-02-12 16:06:28,maximum_demand_total_active_power,1511.2498779296875,1511.249878,7.03125806467142e-08
2024-02-12 16:06:28.002124,2024-02-12 16:06:28,v1,231.1000061035156,231.100006,1.0351558898946678e-07
2024-02-12 16:06:30.002560,2024-02-12 16:06:30,energy,132807.0,132.807,132674.193
2024-02-12 16:06:30.002560,2024-02-12 16:06:30,maximum_demand_total_active_power,1511.2498779296875,1511.249878,7.03125806467142e-08
2024-02-12 16:06:30.002560,2024-02-12 16:06:30,v1,231.1000061035156,231.100006,1.0351558898946678e-07
2024-02-12 16:06:32.015120,2024-02-12 16:06:32,energy,132807.0,132.807,132674.193
2024-02-12 16:06:32.015120,2024-02-12 16:06:32,maximum_demand_total_active_power,1511.2498779296875,1511.249878,7.03125806467142e-08
2024-02-12 16:06:32.015120,2024-02-12 16:06:32,v1,231.1000061035156,231.100006,1.0351558898946678e-07
2024-02-12 16:06:34.000866,2024-02-12 16:06:34,energy,132807.0,132.807,132674.193
2024-02-12 16:06:34.000866,2024-02-12 16:06:34,maximum_demand_total_active_power,1511.2498779296875,1511.249878,7.03125806467142e-08
2024-02-12 16:06:36.000397,2024-02-12 16:06:36,energy,132807.0,132.807,132674.193
2024-02-12 16:06:36.000397,2024-02-12 16:06:36,maximum_demand_total_active_power,1511.2498779296875,1511.249878,7.03125806467142e-08
2024-02-12 16:06:38.000718,2024-02-12 16:06:38,energy,132807.0,132.807,132674.193
2024-02-12 16:06:38.000718,2024-02-12 16:06:38,maximum_demand_total_active_power,1511.2498779296875,1511.249878,7.03125806467142e-08
2024-02-12 16:06:40.000544,2024-02-12 16:06:40,energy,132807.0,132.807,132674.193
2024-02-12 16:06:40.000544,2024-02-12 16:06:40,maximum_demand_total_active_power,1511.2498779296875,1511.249878,7.03125806467142e-08
2024-02-12 16:06:42.000454,2024-02-12 16:06:42,energy,132807.0,132.807,132674.193
2024-02-12 16:06:42.000454,2024-02-12 16:06:42,maximum_demand_total_active_power,1511.2498779296875,1511.249878,7.03125806467142e-08
2024-02-12 16:06:44.000268,2024-02-12 16:06:45,energy,132807.0,132.807,132674.193
2024-02-12 16:06:44.000268,2024-02-12 16:06:45,maximum_demand_total_active_power,1511.2498779296875,1511.249878,7.03125806467142e-08
2024-02-12 16:06:44.000268,2024-02-12 16:06:45,v1,230.3999938964844,230.399994,1.0351558898946678e-07
2024-02-12 16:06:46.001162,2024-02-12 16:06:47,energy,132807.0,132.807,132674.193
2024-02-12 16:06:46.001162,2024-02-12 16:06:47,maximum_demand_total_active_power,1511.2498779296875,1511.249878,7.03125806467142e-08
2024-02-12 16:06:46.001162,2024-02-12 16:06:47,v1,230.3999938964844,230.399994,1.0351558898946678e-07
2024-02-12 16:06:48.000051,2024-02-12 16:06:49,energy,132807.0,132.807,132674.193
2024-02-12 16:06:48.000051,2024-02-12 16:06:49,maximum_demand_total_active_power,1511.2498779296875,1511.249878,7.03125806467142e-08
2024-02-12 16:06:48.000051,2024-02-12 16:06:49,v1,230.3999938964844,230.600006,0.20001210351560417
2024-02-12 16:06:50.000460,2024-02-12 16:06:51,energy,132807.0,132.807,132674.193
2024-02-12 16:06:50.000460,2024-02-12 16:06:51,maximum_demand_total_active_power,1511.2498779296875,1511.249878,7.03125806467142e-08
2024-02-12 16:06:50.000460,2024-02-12 16:06:51,v1,230.6000061035156,230.600006,1.0351558898946678e-07
2024-02-12 16:06:52.001088,2024-02-12 16:06:53,energy,132807.0,132.807,132674.193
2024-02-12 16:06:52.001088,2024-02-12 16:06:53,maximum_demand_total_active_power,1511.2498779296875,1511.249878,7.03125806467142e-08
2024-02-12 16:06:52.001088,2024-02-12 16:06:53,v1,230.6000061035156,230.600006,1.0351558898946678e-07
2024-02-12 16:06:54.002119,2024-02-12 16:06:55,energy,132807.0,132.807,132674.193
2024-02-12 16:06:54.002119,2024-02-12 16:06:55,maximum_demand_total_active_power,1511.2498779296875,1511.249878,7.03125806467142e-08
2024-02-12 16:06:54.002119,2024-02-12 16:06:55,v1,230.6999969482422,230.699997,5.1757808705588104e-08
2024-02-12 16:06:56.001227,2024-02-12 16:06:57,energy,132807.0,132.807,132674.193
2024-02-12 16:06:56.001227,2024-02-12 16:06:57,maximum_demand_total_active_power,1511.2498779296875,1511.249878,7.03125806467142e-08
2024-02-12 16:06:56.001227,2024-02-12 16:06:57,v1,230.6999969482422,230.699997,5.1757808705588104e-08
2024-02-12 16:06:58.001943,2024-02-12 16:06:59,energy,132807.0,132.807,132674.193
2024-02-12 16:06:58.001943,2024-02-12 16:06:59,maximum_demand_total_active_power,1511.2498779296875,1511.249878,7.03125806467142e-08
2024-02-12 16:06:58.001943,2024-02-12 16:06:59,v1,230.6999969482422,230.600006,0.09999094824217991
2024-02-12 16:07:00.006089,2024-02-12 16:07:01,energy,132807.0,132.807,132674.193
2024-02-12 16:07:00.006089,2024-02-12 16:07:01,maximum_demand_total_active_power,1511.2498779296875,1511.249878,7.03125806467142e-08
2024-02-12 16:07:00.006089,2024-02-12 16:07:01,v1,230.6000061035156,230.600006,1.0351558898946678e-07
2024-02-12 16:07:02.006865,2024-02-12 16:07:03,energy,132807.0,132.807,132674.193
2024-02-12 16:07:02.006865,2024-02-12 16:07:03,maximum_demand_total_active_power,1511.2498779296875,1511.249878,7.03125806467142e-08
2024-02-12 16:07:02.006865,2024-02-12 16:07:03,v1,230.6000061035156,230.699997,0.09999089648439963
2024-02-12 16:07:04.015232,2024-02-12 16:07:05,energy,132807.0,132.807,132674.193
2024-02-12 16:07:04.015232,2024-02-12 16:07:05,maximum_demand_total_active_power,1511.2498779296875,1511.249878,7.03125806467142e-08
2024-02-12 16:07:04.015232,2024-02-12 16:07:05,v1,230.6999969482422,230.699997,5.1757808705588104e-08
2024-02-12 16:07:06.003654,2024-02-12 16:07:07,energy,132807.0,132.807,132674.193
2024-02-12 16:07:06.003654,2024-02-12 16:07:07,maximum_demand_total_active_power,1511.2498779296875,1511.249878,7.03125806467142e-08
2024-02-12 16:07:06.003654,2024-02-12 16:07:07,v1,230.6999969482422,230.699997,5.1757808705588104e-08
2024-02-12 16:07:08.014068,2024-02-12 16:07:09,energy,132807.0,132.807,132674.193
2024-02-12 16:07:08.014068,2024-02-12 16:07:09,maximum_demand_total_active_power,1511.2498779296875,1511.249878,7.03125806467142e-08
2024-02-12 16:07:08.014068,2024-02-12 16:07:09,v1,230.6999969482422,230.699997,5.1757808705588104e-08
2024-02-12 16:07:10.004887,2024-02-12 16:07:11,energy,132807.0,132.807,132674.193
2024-02-12 16:07:10.004887,2024-02-12 16:07:11,maximum_demand_total_active_power,1511.2498779296875,1511.249878,7.03125806467142e-08
2024-02-12 16:07:10.004887,2024-02-12 16:07:11,v1,230.6999969482422,230.699997,5.1757808705588104e-08
2024-02-12 16:07:12.012722,2024-02-12 16:07:13,energy,132807.0,132.807,132674.193
2024-02-12 16:07:12.012722,2024-02-12 16:07:13,maximum_demand_total_active_power,1511.2498779296875,1511.249878,7.03125806467142e-08
2024-02-12 16:07:12.012722,2024-02-12 16:07:13,v1,230.6999969482422,230.899994,0.1999970517578049
2024-02-12 16:07:14.009798,2024-02-12 16:07:15,energy,132807.0,132.807,132674.193
2024-02-12 16:07:14.009798,2024-02-12 16:07:15,maximum_demand_total_active_power,1511.2498779296875,1511.249878,7.03125806467142e-08
2024-02-12 16:07:14.009798,2024-02-12 16:07:15,v1,230.8999938964844,230.899994,1.0351558898946678e-07
2024-02-12 16:07:16.008564,2024-02-12 16:07:17,energy,132807.0,132.807,132674.193
2024-02-12 16:07:16.008564,2024-02-12 16:07:17,maximum_demand_total_active_power,1511.2498779296875,1511.249878,7.03125806467142e-08
2024-02-12 16:07:16.008564,2024-02-12 16:07:17,v1,230.8999938964844,230.899994,1.0351558898946678e-07
2024-02-12 16:07:18.008273,2024-02-12 16:07:19,energy,132807.0,132.807,132674.193
2024-02-12 16:07:18.008273,2024-02-12 16:07:19,maximum_demand_total_active_power,1511.2498779296875,1511.249878,7.03125806467142e-08
2024-02-12 16:07:18.008273,2024-02-12 16:07:19,v1,230.8999938964844,231.100006,0.20001210351560417
2024-02-12 16:07:20.007077,2024-02-12 16:07:21,energy,132807.0,132.807,132674.193
2024-02-12 16:07:20.007077,2024-02-12 16:07:21,maximum_demand_total_active_power,1511.2498779296875,1511.249878,7.03125806467142e-08
2024-02-12 16:07:20.007077,2024-02-12 16:07:21,v1,231.1000061035156,231.100006,1.0351558898946678e-07
2024-02-12 16:07:22.007602,2024-02-12 16:07:23,energy,132807.0,132.807,132674.193
2024-02-12 16:07:22.007602,2024-02-12 16:07:23,maximum_demand_total_active_power,1511.2498779296875,1511.249878,7.03125806467142e-08
2024-02-12 16:07:22.007602,2024-02-12 16:07:23,v1,231.1000061035156,231.399994,0.29998789648439583
2024-02-12 16:07:24.012274,2024-02-12 16:07:25,energy,132807.0,132.807,132674.193
2024-02-12 16:07:24.012274,2024-02-12 16:07:25,maximum_demand_total_active_power,1511.2498779296875,1511.249878,7.03125806467142e-08
2024-02-12 16:07:24.012274,2024-02-12 16:07:25,v1,231.3999938964844,231.399994,1.0351558898946678e-07
2024-02-12 16:07:26.009534,2024-02-12 16:07:27,energy,132807.0,132.807,132674.193
2024-02-12 16:07:26.009534,2024-02-12 16:07:27,maximum_demand_total_active_power,1511.2498779296875,1511.249878,7.03125806467142e-08
2024-02-12 16:07:26.009534,2024-02-12 16:07:27,v1,231.3999938964844,231.399994,1.0351558898946678e-07
2024-02-12 16:07:28.001582,,energy,132807.0,,
2024-02-12 16:07:28.001582,,total_active_power,0.0,,
2024-02-12 16:07:28.001582,,demand_total_active_power,0.0,,
2024-02-12 16:07:28.001582,,maximum_demand_total_active_power,1511.2498779296875,,
2024-02-12 16:07:28.001582,,i1,0.0,,
2024-02-12 16:07:28.001582,,v1,231.3999938964844,,
2024-02-12 16:07:28.001582,,total_apparent_power,0.0,,
2024-02-12 16:07:30.000865,2024-02-12 16:07:30,energy,132807.0,132.807,132674.193
2024-02-12 16:07:30.000865,2024-02-12 16:07:30,maximum_demand_total_active_power,1511.2498779296875,1511.249878,7.03125806467142e-08
2024-02-12 16:07:32.001032,2024-02-12 16:07:32,energy,132807.0,132.807,132674.193
2024-02-12 16:07:32.001032,2024-02-12 16:07:32,maximum_demand_total_active_power,1511.2498779296875,1511.249878,7.03125806467142e-08
2024-02-12 16:07:34.000347,2024-02-12 16:07:34,energy,132807.0,132.807,132674.193
2024-02-12 16:07:34.000347,2024-02-12 16:07:34,maximum_demand_total_active_power,1511.2498779296875,1511.249878,7.03125806467142e-08
2024-02-12 16:07:36.001942,2024-02-12 16:07:36,energy,132807.0,132.807,132674.193
2024-02-12 16:07:36.001942,2024-02-12 16:07:36,maximum_demand_total_active_power,1511.2498779296875,1511.249878,7.03125806467142e-08
2024-02-12 16:07:38.000948,2024-02-12 16:07:38,energy,132807.0,132.807,132674.193
2024-02-12 16:07:38.000948,2024-02-12 16:07:38,maximum_demand_total_active_power,1511.2498779296875,1511.249878,7.03125806467142e-08
2024-02-12 16:07:40.000222,2024-02-12 16:07:40,energy,132807.0,132.807,132674.193
2024-02-12 16:07:40.000222,2024-02-12 16:07:40,maximum_demand_total_active_power,1511.2498779296875,1511.249878,7.03125806467142e-08
2024-02-12 16:07:42.000666,2024-02-12 16:07:42,energy,132807.0,132.807,132674.193
2024-02-12 16:07:42.000666,2024-02-12 16:07:42,maximum_demand_total_active_power,1511.2498779296875,1511.249878,7.03125806467142e-08
2024-02-12 16:07:44.000737,2024-02-12 16:07:44,energy,132807.0,132.807,132674.193
2024-02-12 16:07:44.000737,2024-02-12 16:07:44,maximum_demand_total_active_power,1511.2498779296875,1511.249878,7.03125806467142e-08
2024-02-12 16:07:46.001143,2024-02-12 16:07:46,energy,132807.0,132.807,132674.193
2024-02-12 16:07:46.001143,2024-02-12 16:07:46,maximum_demand_total_active_power,1511.2498779296875,1511.249878,7.03125806467142e-08
2024-02-12 16:07:48.000731,2024-02-12 16:07:48,energy,132807.0,132.807,132674.193
2024-02-12 16:07:48.000731,2024-02-12 16:07:48,maximum_demand_total_active_power,1511.2498779296875,1511.249878,7.03125806467142e-08
2024-02-12 16:07:48.000731,2024-02-12 16:07:48,v1,231.5,231.399994,0.10000600000000759
2024-02-12 16:07:50.000749,2024-02-12 16:07:50,energy,132807.0,132.807,132674.193
2024-02-12 16:07:50.000749,2024-02-12 16:07:50,maximum_demand_total_active_power,1511.2498779296875,1511.249878,7.03125806467142e-08
2024-02-12 16:07:50.000749,2024-02-12 16:07:50,v1,231.3999938964844,231.399994,1.0351558898946678e-07
2024-02-12 16:07:52.000970,2024-02-12 16:07:52,energy,132807.0,132.807,132674.193
2024-02-12 16:07:52.000970,2024-02-12 16:07:52,maximum_demand_total_active_power,1511.2498779296875,1511.249878,7.03125806467142e-08
2024-02-12 16:07:52.000970,2024-02-12 16:07:52,v1,231.3999938964844,231.399994,1.0351558898946678e-07
2024-02-12 16:07:54.000560,2024-02-12 16:07:54,energy,132807.0,132.807,132674.193
2024-02-12 16:07:54.000560,2024-02-12 16:07:54,maximum_demand_total_active_power,1511.2498779296875,1511.249878,7.03125806467142e-08
2024-02-12 16:07:56.000529,2024-02-12 16:07:57,energy,132807.0,132.807,132674.193
2024-02-12 16:07:56.000529,2024-02-12 16:07:57,maximum_demand_total_active_power,1511.2498779296875,1511.249878,7.03125806467142e-08
2024-02-12 16:07:58.000900,2024-02-12 16:07:59,energy,132807.0,132.807,132674.193
2024-02-12 16:07:58.000900,2024-02-12 16:07:59,maximum_demand_total_active_power,1511.2498779296875,1511.249878,7.03125806467142e-08
2024-02-12 16:08:00.001978,2024-02-12 16:08:01,energy,132807.0,132.807,132674.193
2024-02-12 16:08:00.001978,2024-02-12 16:08:01,maximum_demand_total_active_power,1511.2498779296875,1511.249878,7.03125806467142e-08
2024-02-12 16:08:02.000345,2024-02-12 16:08:03,energy,132807.0,132.807,132674.193
2024-02-12 16:08:02.000345,2024-02-12 16:08:03,maximum_demand_total_active_power,1511.2498779296875,1511.249878,7.03125806467142e-08
2024-02-12 16:08:04.001356,2024-02-12 16:08:05,energy,132807.0,132.807,132674.193
2024-02-12 16:08:04.001356,2024-02-12 16:08:05,maximum_demand_total_active_power,1511.2498779296875,1511.249878,7.03125806467142e-08
2024-02-12 16:08:06.001928,2024-02-12 16:08:07,energy,132807.0,132.807,132674.193
2024-02-12 16:08:06.001928,2024-02-12 16:08:07,maximum_demand_total_active_power,1511.2498779296875,1511.249878,7.03125806467142e-08
2024-02-12 16:08:08.000313,2024-02-12 16:08:09,energy,132807.0,132.807,132674.193
2024-02-12 16:08:08.000313,2024-02-12 16:08:09,maximum_demand_total_active_power,1511.2498779296875,1511.249878,7.03125806467142e-08
2024-02-12 16:08:10.000280,2024-02-12 16:08:11,energy,132807.0,132.807,132674.193
2024-02-12 16:08:10.000280,2024-02-12 16:08:11,maximum_demand_total_active_power,1511.2498779296875,1511.249878,7.03125806467142e-08
2024-02-12 16:08:12.000806,2024-02-12 16:08:13,energy,132807.0,132.807,132674.193
2024-02-12 16:08:12.000806,2024-02-12 16:08:13,maximum_demand_total_active_power,1511.2498779296875,1511.249878,7.03125806467142e-08
2024-02-12 16:08:12.000806,2024-02-12 16:08:13,v1,231.5,231.600006,0.10000600000000759
2024-02-12 16:08:14.000360,2024-02-12 16:08:15,energy,132807.0,132.807,132674.193
2024-02-12 16:08:14.000360,2024-02-12 16:08:15,maximum_demand_total_active_power,1511.2498779296875,1511.249878,7.03125806467142e-08
2024-02-12 16:08:14.000360,2024-02-12 16:08:15,v1,231.6000061035156,231.600006,1.0351558898946678e-07
2024-02-12 16:08:16.001492,2024-02-12 16:08:17,energy,132807.0,132.807,132674.193
2024-02-12 16:08:16.001492,2024-02-12 16:08:17,maximum_demand_total_active_power,1511.2498779296875,1511.249878,7.03125806467142e-08
2024-02-12 16:08:16.001492,2024-02-12 16:08:17,v1,231.6000061035156,231.600006,1.0351558898946678e-07
2024-02-12 16:08:18.000384,2024-02-12 16:08:19,energy,132807.0,132.807,132674.193
2024-02-12 16:08:18.000384,2024-02-12 16:08:19,maximum_demand_total_active_power,1511.2498779296875,1511.249878,7.03125806467142e-08
2024-02-12 16:08:18.000384,2024-02-12 16:08:19,v1,231.6000061035156,231.5,0.10000610351559658
2024-02-12 16:08:20.000427,2024-02-12 16:08:21,energy,132807.0,132.807,132674.193
2024-02-12 16:08:20.000427,2024-02-12 16:08:21,maximum_demand_total_active_power,1511.2498779296875,1511.249878,7.03125806467142e-08
2024-02-12 16:08:22.000207,2024-02-12 16:08:23,energy,132807.0,132.807,132674.193
2024-02-12 16:08:22.000207,2024-02-12 16:08:23,maximum_demand_total_active_power,1511.2498779296875,1511.249878,7.03125806467142e-08
2024-02-12 16:08:22.000207,2024-02-12 16:08:23,v1,231.5,231.600006,0.10000600000000759
2024-02-12 16:08:24.002127,2024-02-12 16:08:25,energy,132807.0,132.807,132674.193
2024-02-12 16:08:24.002127,2024-02-12 16:08:25,maximum_demand_total_active_power,1511.2498779296875,1511.249878,7.03125806467142e-08
2024-02-12 16:08:24.002127,2024-02-12 16:08:25,v1,231.6000061035156,231.600006,1.0351558898946678e-07
2024-02-12 16:08:26.001547,2024-02-12 16:08:27,energy,132807.0,132.807,132674.193
2024-02-12 16:08:26.001547,2024-02-12 16:08:27,maximum_demand_total_active_power,1511.2498779296875,1511.249878,7.03125806467142e-08
2024-02-12 16:08:26.001547,2024-02-12 16:08:27,v1,231.6000061035156,231.600006,1.0351558898946678e-07
2024-02-12 16:08:28.001562,2024-02-12 16:08:29,energy,132807.0,132.807,132674.193
2024-02-12 16:08:28.001562,2024-02-12 16:08:29,maximum_demand_total_active_power,1511.2498779296875,1511.249878,7.03125806467142e-08
2024-02-12 16:08:28.001562,2024-02-12 16:08:29,v1,231.6000061035156,231.699997,0.09999089648439963
2024-02-12 16:08:30.001243,2024-02-12 16:08:31,energy,132807.0,132.807,132674.193
2024-02-12 16:08:30.001243,2024-02-12 16:08:31,maximum_demand_total_active_power,1511.2498779296875,1511.249878,7.03125806467142e-08
2024-02-12 16:08:30.001243,2024-02-12 16:08:31,v1,231.6999969482422,231.699997,5.1757808705588104e-08
2024-02-12 16:08:32.000519,2024-02-12 16:08:33,energy,132807.0,132.807,132674.193
2024-02-12 16:08:32.000519,2024-02-12 16:08:33,maximum_demand_total_active_power,1511.2498779296875,1511.249878,7.03125806467142e-08
2024-02-12 16:08:32.000519,2024-02-12 16:08:33,v1,231.6999969482422,231.800003,0.1000060517578163
2024-02-12 16:08:34.000140,2024-02-12 16:08:35,energy,132807.0,132.807,132674.193
2024-02-12 16:08:34.000140,2024-02-12 16:08:35,maximum_demand_total_active_power,1511.2498779296875,1511.249878,7.03125806467142e-08
2024-02-12 16:08:34.000140,2024-02-12 16:08:35,v1,231.8000030517578,231.800003,5.1757808705588104e-08
2024-02-12 16:08:36.001999,2024-02-12 16:08:37,energy,132807.0,132.807,132674.193
2024-02-12 16:08:36.001999,2024-02-12 16:08:37,maximum_demand_total_active_power,1511.2498779296875,1511.249878,7.03125806467142e-08
2024-02-12 16:08:36.001999,2024-02-12 16:08:37,v1,231.8000030517578,231.800003,5.1757808705588104e-08
2024-02-12 16:08:38.001587,2024-02-12 16:08:39,energy,132807.0,132.807,132674.193
2024-02-12 16:08:38.001587,2024-02-12 16:08:39,maximum_demand_total_active_power,1511.2498779296875,1511.249878,7.03125806467142e-08
2024-02-12 16:08:38.001587,2024-02-12 16:08:39,v1,231.8000030517578,231.899994,0.09999094824217991
2024-02-12 16:08:40.001497,2024-02-12 16:08:41,energy,132807.0,132.807,132674.193
2024-02-12 16:08:40.001497,2024-02-12 16:08:41,maximum_demand_total_active_power,1511.2498779296875,1511.249878,7.03125806467142e-08
2024-02-12 16:08:40.001497,2024-02-12 16:08:41,v1,231.8999938964844,231.899994,1.0351558898946678e-07
2024-02-12 16:08:42.001010,,energy,132807.0,,
2024-02-12 16:08:42.001010,,total_active_power,0.0,,
2024-02-12 16:08:42.001010,,demand_total_active_power,0.0,,
2024-02-12 16:08:42.001010,,maximum_demand_total_active_power,1511.2498779296875,,
2024-02-12 16:08:42.001010,,i1,0.0,,
2024-02-12 16:08:42.001010,,v1,231.8999938964844,,
2024-02-12 16:08:42.001010,,total_apparent_power,0.0,,
2024-02-12 16:08:44.000635,2024-02-12 16:08:44,energy,132807.0,132.807,132674.193
2024-02-12 16:08:44.000635,2024-02-12 16:08:44,maximum_demand_total_active_power,1511.2498779296875,1511.249878,7.03125806467142e-08
2024-02-12 16:08:44.000635,2024-02-12 16:08:44,v1,231.8999938964844,231.899994,1.0351558898946678e-07
2024-02-12 16:08:46.000618,2024-02-12 16:08:46,energy,132807.0,132.807,132674.193
2024-02-12 16:08:46.000618,2024-02-12 16:08:46,maximum_demand_total_active_power,1511.2498779296875,1511.249878,7.03125806467142e-08
2024-02-12 16:08:46.000618,2024-02-12 16:08:46,v1,231.8999938964844,231.899994,1.0351558898946678e-07
2024-02-12 16:08:48.001949,2024-02-12 16:08:48,energy,132807.0,132.807,132674.193
2024-02-12 16:08:48.001949,2024-02-12 16:08:48,maximum_demand_total_active_power,1511.2498779296875,1511.249878,7.03125806467142e-08
2024-02-12 16:08:48.001949,2024-02-12 16:08:48,v1,231.8999938964844,231.899994,1.0351558898946678e-07
2024-02-12 16:08:50.000263,2024-02-12 16:08:50,energy,132807.0,132.807,132674.193
2024-02-12 16:08:50.000263,2024-02-12 16:08:50,maximum_demand_total_active_power,1511.2498779296875,1511.249878,7.03125806467142e-08
2024-02-12 16:08:50.000263,2024-02-12 16:08:50,v1,231.8999938964844,231.899994,1.0351558898946678e-07
2024-02-12 16:08:52.000355,2024-02-12 16:08:52,energy,132807.0,132.807,132674.193
2024-02-12 16:08:52.000355,2024-02-12 16:08:52,maximum_demand_total_active_power,1511.2498779296875,1511.249878,7.03125806467142e-08
2024-02-12 16:08:52.000355,2024-02-12 16:08:52,v1,231.8999938964844,231.899994,1.0351558898946678e-07
2024-02-12 16:08:54.000742,2024-02-12 16:08:54,energy,132807.0,132.807,132674.193
2024-02-12 16:08:54.000742,2024-02-12 16:08:54,maximum_demand_total_active_power,1511.2498779296875,1511.249878,7.03125806467142e-08
2024-02-12 16:08:54.000742,2024-02-12 16:08:54,v1,231.8999938964844,231.899994,1.0351558898946678e-07
2024-02-12 16:08:56.000148,2024-02-12 16:08:56,energy,132807.0,132.807,132674.193
2024-02-12 16:08:56.000148,2024-02-12 16:08:56,maximum_demand_total_active_power,1511.2498779296875,1511.249878,7.03125806467142e-08
2024-02-12 16:08:56.000148,2024-02-12 16:08:56,v1,231.8999938964844,231.899994,1.0351558898946678e-07
2024-02-12 16:08:58.000601,2024-02-12 16:08:58,energy,132807.0,132.807,132674.193
2024-02-12 16:08:58.000601,2024-02-12 16:08:58,maximum_demand_total_active_power,1511.2498779296875,1511.249878,7.03125806467142e-08
2024-02-12 16:08:58.000601,2024-02-12 16:08:58,v1,231.8999938964844,231.800003,0.09999089648439963
2024-02-12 16:09:00.001200,2024-02-12 16:09:00,energy,132807.0,132.807,132674.193
2024-02-12 16:09:00.001200,2024-02-12 16:09:00,maximum_demand_total_active_power,1511.2498779296875,1511.249878,7.03125806467142e-08
2024-02-12 16:09:00.001200,2024-02-12 16:09:00,v1,231.8000030517578,231.800003,5.1757808705588104e-08
2024-02-12 16:09:02.001567,2024-02-12 16:09:02,energy,132807.0,132.807,132674.193
2024-02-12 16:09:02.001567,2024-02-12 16:09:02,maximum_demand_total_active_power,1511.2498779296875,1511.249878,7.03125806467142e-08
2024-02-12 16:09:02.001567,2024-02-12 16:09:02,v1,231.8000030517578,231.800003,5.1757808705588104e-08
2024-02-12 16:09:04.002168,2024-02-12 16:09:04,energy,132807.0,132.807,132674.193
2024-02-12 16:09:04.002168,2024-02-12 16:09:04,maximum_demand_total_active_power,1511.2498779296875,1511.249878,7.03125806467142e-08
2024-02-12 16:09:04.002168,2024-02-12 16:09:04,v1,231.6999969482422,231.699997,5.1757808705588104e-08
2024-02-12 16:09:06.000991,2024-02-12 16:09:06,energy,132807.0,132.807,132674.193
2024-02-12 16:09:06.000991,2024-02-12 16:09:06,maximum_demand_total_active_power,1511.2498779296875,1511.249878,7.03125806467142e-08
2024-02-12 16:09:06.000991,2024-02-12 16:09:06,v1,231.6999969482422,231.699997,5.1757808705588104e-08
2024-02-12 16:09:08.001985,2024-02-12 16:09:08,energy,132807.0,132.807,132674.193
2024-02-12 16:09:08.001985,2024-02-12 16:09:08,maximum_demand_total_active_power,1511.2498779296875,1511.249878,7.03125806467142e-08
2024-02-12 16:09:08.001985,2024-02-12 16:09:08,v1,231.6999969482422,231.100006,0.5999909482421799
2024-02-12 16:09:10.011297,2024-02-12 16:09:11,energy,132807.0,132.807,132674.193
2024-02-12 16:09:10.011297,2024-02-12 16:09:11,maximum_demand_total_active_power,1511.2498779296875,1511.249878,7.03125806467142e-08
2024-02-12 16:09:10.011297,2024-02-12 16:09:11,v1,231.1000061035156,231.100006,1.0351558898946678e-07
2024-02-12 16:09:12.002801,2024-02-12 16:09:13,energy,132807.0,132.807,132674.193
2024-02-12 16:09:12.002801,2024-02-12 16:09:13,maximum_demand_total_active_power,1511.2498779296875,1511.249878,7.03125806467142e-08
2024-02-12 16:09:12.002801,2024-02-12 16:09:13,v1,231.1000061035156,231.100006,1.0351558898946678e-07
2024-02-12 16:09:14.014966,2024-02-12 16:09:15,energy,132807.0,132.807,132674.193
2024-02-12 16:09:14.014966,2024-02-12 16:09:15,maximum_demand_total_active_power,1511.2498779296875,1511.249878,7.03125806467142e-08
2024-02-12 16:09:14.014966,2024-02-12 16:09:15,v1,231.3000030517578,231.300003,5.1757808705588104e-08
2024-02-12 16:09:16.012686,2024-02-12 16:09:17,energy,132807.0,132.807,132674.193
2024-02-12 16:09:16.012686,2024-02-12 16:09:17,maximum_demand_total_active_power,1511.2498779296875,1511.249878,7.03125806467142e-08
2024-02-12 16:09:16.012686,2024-02-12 16:09:17,v1,231.3000030517578,231.300003,5.1757808705588104e-08
2024-02-12 16:09:18.002687,2024-02-12 16:09:19,energy,132807.0,132.807,132674.193
2024-02-12 16:09:18.002687,2024-02-12 16:09:19,maximum_demand_total_active_power,1511.2498779296875,1511.249878,7.03125806467142e-08
2024-02-12 16:09:18.002687,2024-02-12 16:09:19,v1,231.3000030517578,231.399994,0.09999094824217991
2024-02-12 16:09:20.013081,2024-02-12 16:09:21,energy,132807.0,132.807,132674.193
2024-02-12 16:09:20.013081,2024-02-12 16:09:21,maximum_demand_total_active_power,1511.2498779296875,1511.249878,7.03125806467142e-08
2024-02-12 16:09:20.013081,2024-02-12 16:09:21,v1,231.3999938964844,231.399994,1.0351558898946678e-07
2024-02-12 16:09:22.011698,2024-02-12 16:09:23,energy,132807.0,132.807,132674.193
2024-02-12 16:09:22.011698,2024-02-12 16:09:23,maximum_demand_total_active_power,1511.2498779296875,1511.249878,7.03125806467142e-08
2024-02-12 16:09:22.011698,2024-02-12 16:09:23,v1,231.3999938964844,231.300003,0.09999089648439963
2024-02-12 16:09:24.015243,2024-02-12 16:09:25,energy,132807.0,132.807,132674.193
2024-02-12 16:09:24.015243,2024-02-12 16:09:25,maximum_demand_total_active_power,1511.2498779296875,1511.249878,7.03125806467142e-08
2024-02-12 16:09:24.015243,2024-02-12 16:09:25,v1,231.3000030517578,231.300003,5.1757808705588104e-08
2024-02-12 16:09:26.004193,2024-02-12 16:09:27,energy,132807.0,132.807,132674.193
2024-02-12 16:09:26.004193,2024-02-12 16:09:27,maximum_demand_total_active_power,1511.2498779296875,1511.249878,7.03125806467142e-08
2024-02-12 16:09:26.004193,2024-02-12 16:09:27,v1,231.3000030517578,231.300003,5.1757808705588104e-08
2024-02-12 16:09:28.007920,2024-02-12 16:09:29,energy,132807.0,132.807,132674.193
2024-02-12 16:09:28.007920,2024-02-12 16:09:29,maximum_demand_total_active_power,1511.2498779296875,1511.249878,7.03125806467142e-08
2024-02-12 16:09:28.007920,2024-02-12 16:09:29,v1,231.3000030517578,231.399994,0.09999094824217991
2024-02-12 16:09:30.002792,2024-02-12 16:09:31,energy,132807.0,132.807,132674.193
2024-02-12 16:09:30.002792,2024-02-12 16:09:31,maximum_demand_total_active_power,1511.2498779296875,1511.249878,7.03125806467142e-08
2024-02-12 16:09:30.002792,2024-02-12 16:09:31,v1,231.3999938964844,231.399994,1.0351558898946678e-07
2024-02-12 16:09:32.001146,2024-02-12 16:09:33,energy,132807.0,132.807,132674.193
2024-02-12 16:09:32.001146,2024-02-12 16:09:33,maximum_demand_total_active_power,1511.2498779296875,1511.249878,7.03125806467142e-08
2024-02-12 16:09:32.001146,2024-02-12 16:09:33,v1,231.3999938964844,231.300003,0.09999089648439963
2024-02-12 16:09:34.001198,2024-02-12 16:09:35,energy,132807.0,132.807,132674.193
2024-02-12 16:09:34.001198,2024-02-12 16:09:35,maximum_demand_total_active_power,1511.2498779296875,1511.249878,7.03125806467142e-08
2024-02-12 16:09:34.001198,2024-02-12 16:09:35,v1,231.3000030517578,231.300003,5.1757808705588104e-08
2024-02-12 16:09:36.001019,2024-02-12 16:09:37,energy,132807.0,132.807,132674.193
2024-02-12 16:09:36.001019,2024-02-12 16:09:37,maximum_demand_total_active_power,1511.2498779296875,1511.249878,7.03125806467142e-08
2024-02-12 16:09:36.001019,2024-02-12 16:09:37,v1,231.3000030517578,231.300003,5.1757808705588104e-08
2024-02-12 16:09:38.001118,2024-02-12 16:09:39,energy,132807.0,132.807,132674.193
2024-02-12 16:09:38.001118,2024-02-12 16:09:39,maximum_demand_total_active_power,1511.2498779296875,1511.249878,7.03125806467142e-08
2024-02-12 16:09:38.001118,2024-02-12 16:09:39,v1,231.3000030517578,231.300003,5.1757808705588104e-08
2024-02-12 16:09:40.000972,2024-02-12 16:09:41,energy,132807.0,132.807,132674.193
2024-02-12 16:09:40.000972,2024-02-12 16:09:41,maximum_demand_total_active_power,1511.2498779296875,1511.249878,7.03125806467142e-08
2024-02-12 16:09:40.000972,2024-02-12 16:09:41,v1,231.3000030517578,231.300003,5.1757808705588104e-08
2024-02-12 16:09:42.002302,2024-02-12 16:09:43,energy,132807.0,132.807,132674.193
2024-02-12 16:09:42.002302,2024-02-12 16:09:43,maximum_demand_total_active_power,1511.2498779296875,1511.249878,7.03125806467142e-08
2024-02-12 16:09:42.002302,2024-02-12 16:09:43,v1,231.3000030517578,231.199997,0.1000060517578163
2024-02-12 16:09:44.001826,2024-02-12 16:09:45,energy,132807.0,132.807,132674.193
2024-02-12 16:09:44.001826,2024-02-12 16:09:45,maximum_demand_total_active_power,1511.2498779296875,1511.249878,7.03125806467142e-08
2024-02-12 16:09:44.001826,2024-02-12 16:09:45,v1,231.1999969482422,231.199997,5.1757808705588104e-08
2024-02-12 16:09:46.001469,2024-02-12 16:09:47,energy,132807.0,132.807,132674.193
2024-02-12 16:09:46.001469,2024-02-12 16:09:47,maximum_demand_total_active_power,1511.2498779296875,1511.249878,7.03125806467142e-08
2024-02-12 16:09:46.001469,2024-02-12 16:09:47,v1,231.1999969482422,231.199997,5.1757808705588104e-08
2024-02-12 16:09:48.001162,2024-02-12 16:09:49,energy,132807.0,132.807,132674.193
2024-02-12 16:09:48.001162,2024-02-12 16:09:49,maximum_demand_total_active_power,1511.2498779296875,1511.249878,7.03125806467142e-08
2024-02-12 16:09:48.001162,2024-02-12 16:09:49,v1,231.1999969482422,231.199997,5.1757808705588104e-08
2024-02-12 16:09:50.000329,2024-02-12 16:09:51,energy,132807.0,132.807,132674.193
2024-02-12 16:09:50.000329,2024-02-12 16:09:51,maximum_demand_total_active_power,1511.2498779296875,1511.249878,7.03125806467142e-08
2024-02-12 16:09:50.000329,2024-02-12 16:09:51,v1,231.1999969482422,231.199997,5.1757808705588104e-08
2024-02-12 16:09:52.000628,,energy,132807.0,,
2024-02-12 16:09:52.000628,,total_active_power,0.0,,
2024-02-12 16:09:52.000628,,demand_total_active_power,0.0,,
2024-02-12 16:09:52.000628,,maximum_demand_total_active_power,1511.2498779296875,,
2024-02-12 16:09:52.000628,,i1,0.0,,
2024-02-12 16:09:52.000628,,v1,231.1999969482422,,
2024-02-12 16:09:52.000628,,total_apparent_power,0.0,,
2024-02-12 16:09:54.000515,2024-02-12 16:09:54,energy,132807.0,132.807,132674.193
2024-02-12 16:09:54.000515,2024-02-12 16:09:54,maximum_demand_total_active_power,1511.2498779296875,1511.249878,7.03125806467142e-08
2024-02-12 16:09:54.000515,2024-02-12 16:09:54,v1,231.1999969482422,231.199997,5.1757808705588104e-08
2024-02-12 16:09:56.000207,2024-02-12 16:09:56,energy,132807.0,132.807,132674.193
2024-02-12 16:09:56.000207,2024-02-12 16:09:56,maximum_demand_total_active_power,1511.2498779296875,1511.249878,7.03125806467142e-08
2024-02-12 16:09:56.000207,2024-02-12 16:09:56,v1,231.1999969482422,231.199997,5.1757808705588104e-08
2024-02-12 16:09:58.001472,2024-02-12 16:09:58,energy,132807.0,132.807,132674.193
2024-02-12 16:09:58.001472,2024-02-12 16:09:58,maximum_demand_total_active_power,1511.2498779296875,1511.249878,7.03125806467142e-08
2024-02-12 16:09:58.001472,2024-02-12 16:09:58,v1,231.1999969482422,231.199997,5.1757808705588104e-08
